"","PLOT_CODE","total_richness","native_richness","shannon_index","simpson_index","native_ra","exotic_ra","invasive_ra","unknown_ra","CARELYN","IRISPSE","LYTHSAL","PHALARU","EXO_TYPHA"
"1","01-001-1-1",5,5,0.205754010582323,0.0802907042023496,1,0,0,0,NA,NA,NA,NA,0
"2","01-001-1-2",2,2,0.0259898735319369,0.00793638196219137,1,0,0,0,NA,NA,NA,NA,0
"3","01-001-1-3",2,2,0.031347329404313,0.00990074503106375,1,0,0,0,NA,NA,NA,NA,0
"4","02-011-1-1",4,2,0.010147456161249,0.00265956975253556,0.99734395750332,0,0.00265604249667995,0,0.99601593625498,NA,0.00132802124833997,0,0.0013262599469496
"5","02-011-1-10",3,2,0.0174381882961134,0.0049750934384738,0.909297052154195,0,0.090702947845805,0,0.90702947845805,NA,0,0,0.0831600831600832
"6","02-011-1-11",2,2,0.214559155176405,0.104938271604938,1,0,0,0,0.944444444444444,NA,0,0,0
"7","02-011-1-12",3,3,0.113114832712463,0.0446099634419933,1,0,0,0,0.977198697068404,NA,0,0,0
"8","02-011-1-13",4,3,0.660578887652076,0.354570637119114,0.95,0,0.05,0,0.75,NA,0,0.05,0
"9","02-011-1-14",1,1,0,0,1,0,0,0,1,NA,0,0,0
"10","02-011-1-15",2,2,0.010772887704514,0.00284899705128794,1,0,0,0,0.998573466476462,NA,0,0,0
"11","02-011-1-16",2,2,0.0604982941023021,0.0217365052529888,1,0,0,0,0.989010989010989,NA,0,0,0
"12","02-011-1-17",3,3,1.03460123291018,0.622448979591837,1,0,0,0,0.5,NA,0,0,0
"13","02-011-1-18",5,5,1.28090346147186,0.683386088791494,1,0,0,0,0.45045045045045,NA,0,0,0
"14","02-011-1-19",2,2,0.00866032199026937,0.00221729216889344,1,0,0,0,0.998890122086571,NA,0,0,0
"15","02-011-1-2",4,3,0.758487320581266,0.478668054110302,0.607843137254902,0,0.392156862745098,0,0.0196078431372549,NA,0,0,0.28169014084507
"16","02-011-1-20",2,1,0,0,0.944444444444444,0.0555555555555556,0,0,0.944444444444444,NA,0,0,0
"17","02-011-1-3",5,2,0.636514168294813,0.444444444444444,0.740740740740741,0,0.259259259259259,0,0.493827160493827,NA,0,0.0123456790123457,0.198019801980198
"18","02-011-1-4",2,2,0.114665282202907,0.0475907198096372,1,0,0,0,0.975609756097561,NA,0,0,0
"19","02-011-1-5",3,3,0.556646903582107,0.290123456790123,1,0,0,0,0.833333333333333,NA,0,0,0
"20","02-011-1-6",3,3,0.544283732969439,0.288194444444444,1,0,0,0,0.833333333333333,NA,0,0,0
"21","02-011-1-7",3,3,0.0624089186407724,0.0196549357906088,1,0,0,0,0.99009900990099,NA,0,0,0
"22","02-011-1-8",5,4,0.14819861123175,0.0533947019132259,0.998704663212435,0,0.00129533678756477,0,0.971502590673575,NA,0,0,0.00129366106080207
"23","02-011-1-9",1,1,0,0,1,0,0,0,1,NA,0,0,0
"24","02-012-2-2",0,0,0,0,NA,NA,NA,NA,NA,NA,NA,NA,NA
"25","02-012-2-3",0,0,0,0,NA,NA,NA,NA,NA,NA,NA,NA,NA
"26","02-012-2-4",0,0,0,0,NA,NA,NA,NA,NA,NA,NA,NA,NA
"27","02-012-2-6",4,1,0,0,0.25,0.5,0,0.25,NA,NA,NA,NA,0
"28","02-012-2-8",0,0,0,0,NA,NA,NA,NA,NA,NA,NA,NA,NA
"29","02-012-2-9",0,0,0,0,NA,NA,NA,NA,NA,NA,NA,NA,NA
"30","02-013-1-10",2,1,0,0,0.989690721649485,0.0103092783505155,0,0,0.989690721649485,0,0,0,0
"31","02-013-1-11",2,1,0,0,0.998890122086571,0.00110987791342952,0,0,0.998890122086571,0,0,0,0
"32","02-013-1-19",2,1,0,0,0.989583333333333,0.0104166666666667,0,0,0.989583333333333,0,0,0,0
"33","02-013-1-2",3,2,0.0174381882961134,0.0049750934384738,0.997512437810945,0.00248756218905473,0,0,0.99502487562189,0,0,0,0
"34","02-013-1-20",2,1,0,0,0.998990918264379,0.00100908173562059,0,0,0.998990918264379,0,0,0,0
"35","02-013-1-3",2,1,0,0,0.998613037447989,0.0013869625520111,0,0,0.998613037447989,0,0,0,0
"36","02-013-1-5",2,1,0,0,0.987654320987654,0.0123456790123457,0,0,0.987654320987654,0,0,0,0
"37","02-013-1-6",1,1,0,0,1,0,0,0,1,0,0,0,0
"38","02-013-1-7",3,2,0.0123090890615174,0.00332224993840002,0.998338870431894,0,0.00166112956810631,0,0.996677740863787,0,0.00166112956810631,0,0
"39","02-013-1-8",8,4,0.381951490791321,0.173967013809659,0.988059701492537,0.00597014925373134,0.00298507462686567,0.00298507462686567,0.895522388059702,0,0,0.00298507462686567,0
"40","02-013-1-9",2,1,0,0,0.966666666666667,0.0333333333333333,0,0,0.966666666666667,0,0,0,0
"41","02-013-2-1",9,2,0.0119654194789456,0.00321542574570644,0.825797872340426,0.107712765957447,0.0531914893617021,0.0132978723404255,0,0.0265957446808511,0.0132978723404255,0.0132978723404255,0
"42","02-013-2-21",5,1,0,0,0.0581395348837209,0.302325581395349,0.63953488372093,0,0,0,0,0.63953488372093,0
"43","02-013-2-22",6,1,0,0,0.00191938579654511,0.959692898272553,0.0383877159309021,0,0.00191938579654511,0,0,0.0383877159309021,0
"44","02-013-2-4",5,1,0,0,0.580912863070539,0.294605809128631,0.12448132780083,0,0,0,0,0.12448132780083,0
"45","02-015-1-1",8,7,1.3334730391185,0.5859375,0.0860215053763441,0,0.913978494623656,0,NA,NA,0.913978494623656,NA,0
"46","02-015-1-2",8,5,1.6094379124341,0.8,0.0194552529182879,0.00389105058365759,0.972762645914397,0.00389105058365759,NA,NA,0.972762645914397,NA,0
"47","02-015-1-3",3,2,0.104732439105087,0.0425330812854443,0.647887323943662,0,0.352112676056338,0,NA,NA,0.352112676056338,NA,0
"48","02-015-1-4",4,3,0.0314666660181507,0.00882018952149766,0.474789915966387,0,0.525210084033613,0,NA,NA,0.525210084033613,NA,0
"49","02-015-1-5",6,3,0.566085738959629,0.291666666666667,0.0233463035019455,0.00389105058365759,0.972762645914397,0,NA,NA,0.972762645914397,NA,0
"50","03-001A-1-10",3,3,0.0347958228399346,0.00991312096235264,1,0,0,0,0.99502487562189,0,0,0,0
"51","03-001A-1-12",7,3,0.663284935489549,0.404521118381915,0.193396226415094,0.759433962264151,0.0471698113207547,0,0,0.0471698113207547,0,0,0
"52","03-001A-1-14",6,5,0.230279712402065,0.105378828001044,0.99895178197065,0.0010482180293501,0,0,0.943396226415094,0,0,0,0
"53","03-001A-1-17",8,5,0.585751628067976,0.275838127355683,0.979310344827586,0.0206896551724138,0,0,0.827586206896552,0,0,0,0
"54","03-001A-1-19",2,1,0,0,0.998890122086571,0,0.00110987791342952,0,0.998890122086571,0,0,0.00110987791342952,0
"55","03-001A-1-2",2,1,0,0,0.998997995991984,0.00100200400801603,0,0,0,0,0,0,0
"56","03-001A-1-21",2,1,0,0,0.285714285714286,0,0.714285714285714,0,0,0.714285714285714,0,0,0
"57","03-001A-1-5",8,5,0.216342643383593,0.0750739644970416,0.97196261682243,0.00934579439252337,0.00934579439252337,0.00934579439252337,0.934579439252337,0,0.00934579439252337,0,0
"58","03-001A-1-6",9,6,0.742836189588613,0.3642578125,0.273504273504274,0,0.726495726495727,0,0.00427350427350427,0.213675213675214,0,0.427350427350427,0
"59","03-001A-1-7",6,4,0.0716756921964172,0.0237070768642356,0.99800796812749,0.00099601593625498,0.00099601593625498,0,0,0,0,0.00099601593625498,0
"60","03-001A-1-A",2,1,0,0,0.111111111111111,0,0.888888888888889,0,0,0,0,0,0.470588235294118
"61","03-001A-1-B",6,2,0.636514168294813,0.444444444444444,0.0475435816164818,0.714738510301109,0.237717908082409,0,0.0158478605388273,0,0.190174326465927,0.0475435816164818,0
"62","03-001A-1-C",6,2,0.00804083853445042,0.00203665776148432,0.995939086294416,0.00101522842639594,0.00304568527918782,0,0.99492385786802,0.00101522842639594,0.00101522842639594,0.00101522842639594,0
"63","03-001B-1-21",3,2,0.102107973449249,0.041218836565097,0.95,0,0.05,0,0,0.05,0,NA,0
"64","03-001B-1-22",2,2,0.0627602166108864,0.0227242700488837,1,0,0,0,0,0,0,NA,0
"65","03-001B-1-23",1,1,0,0,1,0,0,0,0,0,0,NA,0
"66","03-001B-1-24",3,2,0.472487873236256,0.296124256060386,0.922222222222222,0,0.0777777777777778,0,0,0.0777777777777778,0,NA,0
"67","03-001B-1-25",1,1,0,0,1,0,0,0,0,0,0,NA,0
"68","03-001B-1-26",2,2,0.00804083853445042,0.00203665776148432,1,0,0,0,0,0,0,NA,0
"69","03-001B-1-27",3,2,0.430672511573466,0.261451801466681,0.998970133882595,0,0.00102986611740474,0,0,0,0.00102986611740474,NA,0
"70","03-001B-1-28",3,3,0.400898968499478,0.232815677733829,1,0,0,0,0.00110987791342952,0,0,NA,0
"71","03-001B-1-29",9,5,0.318018357702711,0.129255089973245,0.892984542211653,0.0951248513674197,0.0118906064209275,0,0.00118906064209275,0,0.0118906064209275,NA,0
"72","03-001B-1-30",3,3,0.16445236762208,0.0635633270321362,1,0,0,0,0,0,0,NA,0
"73","04-003-1-1",4,2,0.304636097349238,0.165289256198347,0.180327868852459,0,0.819672131147541,0,0,0.163934426229508,0,0.655737704918033,0
"74","04-003-1-10",3,2,0.00866032199026937,0.00221729216889344,0.998891352549889,0.00110864745011086,0,0,0.997782705099778,0,0,0,0
"75","04-003-1-11",4,3,0.0191667348810509,0.00497820287187278,0.998754669987547,0.0012453300124533,0,0,0.99626400996264,0,0,0,0
"76","04-003-1-12",2,1,0,0,0.998980632008155,0.00101936799184506,0,0,0.998980632008155,0,0,0,0
"77","04-003-1-3",7,5,0.849962922651259,0.495338876291257,0.851351351351351,0.135135135135135,0.0135135135135135,0,0,0,0.0135135135135135,0,0
"78","04-003-1-4",4,3,0.405497070210795,0.214949885279556,0.989130434782609,0.0108695652173913,0,0,0,0,0,0,0
"79","04-003-1-5",10,6,0.670585787860511,0.372878086419753,0.417391304347826,0.434782608695652,0.147826086956522,0,0.318840579710145,0.0579710144927536,0.00289855072463768,0.0869565217391304,0
"80","04-003-1-6",4,1,0,0,0.930851063829787,0,0.0691489361702128,0,0.930851063829787,0.0664893617021277,0.00132978723404255,0.00132978723404255,0
"81","04-003-1-7",11,7,1.32247599610346,0.679234612121783,0.481308411214953,0,0.514018691588785,0.00467289719626168,0.00467289719626168,0.0467289719626168,0.14018691588785,0.327102803738318,0
"82","04-003-1-8",3,2,0.0560015343548473,0.0198,0.999000999000999,0.000999000999000999,0,0,0.989010989010989,0,0,0,0
"83","04-003-1-9",6,4,0.0303668149210528,0.00794696380480742,0.997350993377483,0.00132450331125828,0.00132450331125828,0,0.993377483443709,0,0.00132450331125828,0,0
"84","05-002-1-1",5,2,0.191444081957717,0.090702947845805,0.228260869565217,0,0.771739130434783,0,0.217391304347826,NA,0.217391304347826,0,0.356643356643357
"85","05-002-1-10",1,0,0,1,0,0,1,0,0,NA,0,0,0.5
"86","05-002-1-11",4,1,0,0,0.947867298578199,0.0023696682464455,0.0497630331753555,0,0.947867298578199,NA,0,0.0023696682464455,0.0452488687782805
"87","05-002-1-12",3,1,0,0,0.645161290322581,0,0.354838709677419,0,0,NA,0,0.32258064516129,0.03125
"88","05-002-1-13",2,1,0,0,0.75,0,0.25,0,0,NA,0,0,0.2
"89","05-002-1-14",2,1,0,0,0.5,0,0.5,0,0,NA,0,0,0.333333333333333
"90","05-002-1-15",2,0,0,1,0,0,1,0,0,NA,0,0,0.428571428571429
"91","05-002-1-16",2,1,0,0,0.0163934426229508,0,0.983606557377049,0,0,NA,0,0,0.495867768595041
"92","05-002-1-17",3,2,0.0123090890615174,0.00332224993840002,0.998338870431894,0.00166112956810631,0,0,0.996677740863787,NA,0,0,0
"93","05-002-1-18",2,0,0,1,0,0,1,0,0,NA,0,0,0.5
"94","05-002-1-2",1,0,0,1,0,0,1,0,0,NA,0,0,0.5
"95","05-002-1-20",3,1,0,0,0.24390243902439,0,0.75609756097561,0,0,NA,0.024390243902439,0,0.422535211267606
"96","05-002-1-3",1,0,0,1,0,0,1,0,0,NA,0,0,0.5
"97","05-002-1-4",1,0,0,1,0,0,1,0,0,NA,0,0,0.5
"98","05-002-1-5",1,0,0,1,0,0,1,0,0,NA,0,0,0.5
"99","05-002-1-6",2,0,0,1,0,0,1,0,0,NA,0,0,0.5
"100","05-002-1-7",4,2,0.0123090890615174,0.00332224993840002,0.996683250414594,0.00165837479270315,0.00165837479270315,0,0.995024875621891,NA,0,0,0.00165562913907285
"101","05-002-1-8",2,0,0,1,0,0,1,0,0,NA,0,0,0.5
"102","05-002-1-9",1,0,0,1,0,0,1,0,0,NA,0,0,0.5
"103","08-004A-1-1",2,2,0.0731901291558692,0.0273919753086418,1,0,0,0,0.0138888888888889,NA,NA,0,0
"104","08-004A-1-10",2,2,0.126930545341402,0.0540123456790125,1,0,0,0,0,NA,NA,0,0
"105","08-004A-1-11",2,2,0.191444081957717,0.090702947845805,1,0,0,0,0.0476190476190476,NA,NA,0,0
"106","08-004A-1-2",2,2,0.0195423372287981,0.00568177206353848,1,0,0,0,0,NA,NA,0,0
"107","08-004A-1-3",2,2,0.0132682882371538,0.0036231764717507,1,0,0,0,0,NA,NA,0,0
"108","08-004A-1-4",2,2,0.0167255207690468,0.00473930975338654,1,0,0,0,0.00237529691211401,NA,NA,0,0
"109","08-004A-1-5",2,2,0.0174381882961134,0.0049750934384738,1,0,0,0,0,NA,NA,0,0
"110","08-004A-1-6",5,2,0.0604982941023021,0.0217365052529888,0.977443609022556,0.0118152524167562,0.0107411385606874,0,0.966702470461869,NA,NA,0.0107411385606874,0
"111","08-004A-1-7",7,3,0.332198363143603,0.172805634610266,0.536407766990291,0.0995145631067961,0.364077669902913,0,0.485436893203883,NA,NA,0.364077669902913,0
"112","08-004A-1-8",5,4,0.873845390267843,0.509765625,0.032258064516129,0.967741935483871,0,0,0.00100806451612903,NA,NA,0,0
"113","08-004A-1-9",2,2,0.0123090890615174,0.00332224993840002,1,0,0,0,0.00166389351081531,NA,NA,0,0
"114","08-004B-1-13",5,4,0.244049559527809,0.113495675278422,0.94661921708185,0.0533807829181495,0,0,0,NA,NA,NA,0
"115","08-004B-1-14",3,3,0.131571310997051,0.0478881618084472,1,0,0,0,0,NA,NA,NA,0
"116","08-004B-1-15",1,1,0,0,1,0,0,0,0,NA,NA,NA,0
"117","08-004B-1-16",7,5,1.18469185742172,0.673806098708864,0.9739336492891,0.0260663507109005,0,0,0.355450236966825,NA,NA,NA,0
"118","08-004B-1-17",5,4,1.04083983742324,0.5546875,0.444444444444444,0.555555555555556,0,0,0.277777777777778,NA,NA,NA,0
"119","08-004B-1-18",1,1,0,0,1,0,0,0,0,NA,NA,NA,0
"120","08-004B-1-19",4,4,0.0471031359820087,0.0131865561451981,1,0,0,0,0,NA,NA,NA,0
"121","08-004B-1-20",2,2,0.010147456161249,0.00265956975253556,1,0,0,0,0,NA,NA,NA,0
"122","08-004B-1-21",4,4,0.873845390267843,0.509765625,1,0,0,0,0,NA,NA,NA,0
"123","08-004B-1-22",3,3,0.697592411468965,0.491290477049272,1,0,0,0,0,NA,NA,NA,0
"124","08-004B-1-23",3,3,0.367649477400142,0.169421487603306,1,0,0,0,0,NA,NA,NA,0
"125","08-004B-1-24",1,1,0,0,1,0,0,0,0,NA,NA,NA,0
"126","08-004B-1-25",2,2,0.0123090890615174,0.00332224993840002,1,0,0,0,0,NA,NA,NA,0
"127","08-004B-1-26",4,4,0.820054744645837,0.422496570644719,1,0,0,0,0,NA,NA,NA,0
"128","08-004B-1-27",2,2,0.0965089607359472,0.0384467512495192,1,0,0,0,0,NA,NA,NA,0
"129","08-004B-1-28",3,3,0.367649477400142,0.169421487603306,1,0,0,0,0,NA,NA,NA,0
"130","08-005A-1-1",4,3,0.0314666660181507,0.00882018952149766,0.501108647450111,0.498891352549889,0,0,NA,NA,NA,NA,0
"131","08-005A-1-10",3,2,0.0174381882961134,0.0049750934384738,0.500624219725343,0.499375780274657,0,0,NA,NA,NA,NA,0
"132","08-005A-1-2",4,2,0.562335144618808,0.375,0.947867298578199,0.052132701421801,0,0,NA,NA,NA,NA,0
"133","08-005A-1-2B",3,2,0.636514168294813,0.444444444444444,0.0909090909090909,0.909090909090909,0,0,NA,NA,NA,NA,0
"134","08-005A-1-3",3,2,0.0157657602477682,0.00442475700709433,0.529964747356052,0.470035252643948,0,0,NA,NA,NA,NA,0
"135","08-005A-1-4",3,2,0.387212375186361,0.226843100189036,0.995670995670996,0.00432900432900433,0,0,NA,NA,NA,NA,0
"136","08-005A-1-5",5,4,0.164289363761817,0.0644211104667135,0.508426966292135,0.491573033707865,0,0,NA,NA,NA,NA,0
"137","08-005A-1-6",4,3,0.0660339965927715,0.022652435624095,0.998960498960499,0.00103950103950104,0,0,NA,NA,NA,NA,0
"138","08-005A-1-7",4,2,0.562335144618808,0.375,0.798934753661784,0.201065246338216,0,0,NA,NA,NA,NA,0
"139","08-005A-1-8",3,2,0.210283412286133,0.102264426588751,0.552238805970149,0.447761194029851,0,0,NA,NA,NA,NA,0
"140","08-005A-1-9",5,2,0.142505867392738,0.0624349635796047,0.584905660377358,0.415094339622642,0,0,NA,NA,NA,NA,0
"141","08-005B-1-11",2,0,0,1,0,0.998890122086571,0.00110987791342952,0,NA,NA,NA,0.00110987791342952,0
"142","08-005B-1-12",5,3,0.656676736813937,0.448118674186819,0.651515151515151,0.348484848484849,0,0,NA,NA,NA,0,0
"143","08-005B-1-13",3,2,0.25303697544794,0.129799891833424,0.518072289156627,0.481927710843373,0,0,NA,NA,NA,0,0
"144","08-005B-1-14",4,1,0,0,0.0357142857142857,0.964285714285714,0,0,NA,NA,NA,0,0
"145","08-005B-1-15",2,1,0,0,0.00221729490022173,0.997782705099778,0,0,NA,NA,NA,0,0
"146","08-005B-1-16",5,2,0.693147180559945,0.5,0.0464037122969838,0.953596287703016,0,0,NA,NA,NA,0,0
"147","08-005B-1-17",6,5,0.213290082801293,0.0894716703216223,0.980119284294235,0.0198807157057654,0,0,NA,NA,NA,0,0
"148","08-005B-1-18",5,1,0,0,0.00309597523219814,0.996904024767802,0,0,NA,NA,NA,0,0
"149","08-005B-1-19",3,2,0.142505867392738,0.0624349635796047,0.134199134199134,0.865800865800866,0,0,NA,NA,NA,0,0
"150","08-005B-1-20",6,4,1.27985422583367,0.7,0.666666666666667,0.333333333333333,0,0,NA,NA,NA,0,0
"151","08-008A-1-1A",3,3,0.0660339965927715,0.022652435624095,1,0,0,0,NA,NA,NA,NA,0
"152","08-008A-1-2A",4,3,0.144765317042711,0.061265990620983,0.989909182643794,0.0100908173562059,0,0,NA,NA,NA,NA,0
"153","08-008A-1-3A",3,3,0.145923786315968,0.0618768169818664,1,0,0,0,NA,NA,NA,NA,0
"154","08-008A-1-4A",5,3,0.21094755303793,0.0996350392059742,0.969061876247505,0.030938123752495,0,0,NA,NA,NA,NA,0
"155","08-008A-1-5A",3,3,0.682262969153183,0.481382125208998,1,0,0,0,NA,NA,NA,NA,0
"156","08-008B-1-1B",4,3,0.0168160066201508,0.00428493801690966,0.9989281886388,0.00107181136120043,0,0,NA,NA,NA,NA,0
"157","08-008B-1-2B",2,2,0.00939088166703836,0.00243308641462447,1,0,0,0,NA,NA,NA,NA,0
"158","08-008B-1-3B",3,3,0.709729214408766,0.462241332975007,1,0,0,0,NA,NA,NA,NA,0
"159","08-008B-1-4B",6,4,0.806525821864334,0.449675434064823,0.950450450450451,0.0495495495495496,0,0,NA,NA,NA,NA,0
"160","08-008B-1-5B",4,4,0.100918294897379,0.0356924453044425,1,0,0,0,NA,NA,NA,NA,0
"161","08-008B-1-6B",3,3,0.160280702442681,0.0686553233642827,1,0,0,0,NA,NA,NA,NA,0
"162","08-008B-1-7B",5,4,0.18479615791589,0.0743959566074951,0.968944099378882,0.031055900621118,0,0,NA,NA,NA,NA,0
"163","08-008C-1-1C",2,2,0.100436761357287,0.0403868636411946,1,0,0,0,NA,NA,NA,NA,0
"164","08-008C-1-2C",2,2,0.0398275579113589,0.0131573176615059,1,0,0,0,NA,NA,NA,NA,0
"165","08-008C-1-3C",4,3,0.051789288044909,0.0157785336356764,0.961832061068702,0.0381679389312977,0,0,NA,NA,NA,NA,0
"166","08-008C-1-4C",3,2,0.693147180559945,0.5,0.666666666666667,0.333333333333333,0,0,NA,NA,NA,NA,0
"167","08-008C-1-5C",4,4,0.343777547691413,0.175297575845551,1,0,0,0,NA,NA,NA,NA,0
"168","08-008D-1-1D",5,5,0.205754010582323,0.0802907042023496,1,0,0,0,NA,NA,NA,NA,0
"169","08-008D-1-2D",5,5,0.333721337541585,0.155992969179782,1,0,0,0,NA,NA,NA,NA,0
"170","08-008D-1-3D",4,4,0.176565389518714,0.0659680894925593,1,0,0,0,NA,NA,NA,NA,0
"171","08-009A-1-10",1,1,0,0,1,0,0,0,1,NA,NA,NA,0
"172","08-009A-1-5",5,4,0.859118579417538,0.464193612378496,0.78021978021978,0.21978021978022,0,0,0.10989010989011,NA,NA,NA,0
"173","08-009A-1-6",4,3,0.22445109055581,0.0918367346938777,0.344262295081967,0.655737704918033,0,0,0,NA,NA,NA,0
"174","08-009A-1-7",5,4,0.780846907050942,0.479188345473465,0.861111111111111,0.138888888888889,0,0,0.555555555555556,NA,NA,NA,0
"175","08-009A-2-1",3,2,0.142505867392738,0.0624349635796047,0.96875,0.03125,0,0,0,NA,NA,NA,0
"176","08-009A-2-2",3,2,0.0222772335300707,0.00662244346088903,0.996688741721854,0.0033112582781457,0,0,0,NA,NA,NA,0
"177","08-009A-2-3",3,2,0.693147180559945,0.5,0.666666666666667,0.333333333333333,0,0,0,NA,NA,NA,0
"178","08-009A-2-4",3,2,0.304636097349238,0.165289256198347,0.523809523809524,0.476190476190476,0,0,0,NA,NA,NA,0
"179","08-009A-2-8",3,2,0.114665282202906,0.047590719809637,0.976190476190476,0.0238095238095238,0,0,0,NA,NA,NA,0
"180","08-009A-2-9",3,2,0.114665282202906,0.047590719809637,0.976190476190476,0.0238095238095238,0,0,0,NA,NA,NA,0
"181","08-009B-1-11",4,3,0.051789288044909,0.0157785336356764,0.996047430830039,0.00395256916996047,0,0,0,NA,NA,NA,0
"182","08-009B-1-12",3,3,0.741830412456956,0.509753945691599,1,0,0,0,0,NA,NA,NA,0
"183","08-009B-1-14",3,3,0.741830412456956,0.509753945691599,1,0,0,0,0.495049504950495,NA,NA,NA,0
"184","08-009B-1-15",2,2,0.0836497046105892,0.0322493953238374,1,0,0,0,0,NA,NA,NA,0
"185","08-009B-1-16",4,3,0.110100081923397,0.0386389850057669,0.990291262135922,0.00970873786407767,0,0,0,NA,NA,NA,0
"186","08-009B-1-18",3,2,0.0259898735319369,0.00793638196219137,0.996031746031746,0.00396825396825397,0,0,0,NA,NA,NA,0
"187","08-009B-1-20",2,2,0.0222772335300707,0.00662244346088903,1,0,0,0,0.996677740863787,NA,NA,NA,0
"188","08-009B-2-17",5,3,1.09861228866811,0.666666666666667,0.0882352941176471,0.0294117647058824,0.882352941176471,0,0,NA,NA,NA,0
"189","08-009B-2-19",4,3,0.270092905081489,0.128081478338027,0.616858237547893,0.383141762452107,0,0,0,NA,NA,NA,0
"190","08-009B-2-21",4,3,1.09861228866811,0.666666666666667,0.75,0.25,0,0,0,NA,NA,NA,0
"191","09-003-1-1",5,2,0.376770161256437,0.21875,0.159680638722555,0,0.840319361277445,0,0,0,0.00199600798403194,0.798403193612774,0.0383877159309021
"192","09-003-1-10",1,0,0,1,0,0,1,0,0,0,0,0,0.5
"193","09-003-1-11",1,0,0,1,0,0,1,0,0,0,0,0,0.5
"194","09-003-1-14",5,3,0.566085738959629,0.291666666666667,0.0168302945301543,0,0.983169705469846,0,0,0.00140252454417952,0,0.981767180925666,0
"195","09-003-1-15",8,5,1.09319682472766,0.609877126654064,0.351145038167939,0.381679389312977,0.267175572519084,0,0.0763358778625954,0.0763358778625954,0,0.190839694656489,0
"196","09-003-1-16",3,1,0,0,0.00900900900900901,0,0.990990990990991,0,0.00900900900900901,0,0,0,0.497737556561086
"197","09-003-1-17",1,1,0,0,1,0,0,0,0,0,0,0,0
"198","09-003-1-19",4,0,0,1,0,0,1,0,0,0.140845070422535,0.0140845070422535,0.28169014084507,0.36036036036036
"199","09-003-1-2",4,3,0.801818552543337,0.46,0.714285714285714,0,0.285714285714286,0,0,0,0,0.285714285714286,0
"200","09-003-1-20",1,0,0,1,0,0,1,0,0,0,0,0,0.5
"201","09-003-1-21",1,0,0,1,0,0,1,0,0,0,0,0,0.5
"202","09-003-1-22",5,3,0.0215171155209917,0.00568583047215532,0.896551724137931,0,0.103448275862069,0,0,0,0.00127713920817369,0.102171136653895,0
"203","09-003-1-23",3,2,0.304636097349238,0.165289256198347,0.0196078431372549,0,0.980392156862745,0,0,0,0,0.980392156862745,0
"204","09-003-1-24",2,1,0,0,0.0410958904109589,0,0.958904109589041,0,0,0,0,0.958904109589041,0
"205","09-003-1-3",7,4,0.118050378160812,0.0387030629245163,0.410187667560322,0,0.589812332439678,0,0,0,0.134048257372654,0.187667560321716,0.211416490486258
"206","09-003-1-5",2,0,0,1,0,0,1,0,0,0.125,0,0,0.466666666666667
"207","09-003-1-6",4,3,0.51380602635033,0.322707877657858,0.793977812995246,0,0.206022187004754,0,0,0,0,0.206022187004754,0
"208","09-003-1-7",3,1,0,0,0.222222222222222,0,0.777777777777778,0,0,0,0,0.222222222222222,0.357142857142857
"209","09-003-1-8",1,0,0,1,0,0,1,0,0,0,0,0,0.5
"210","09-003-1-9",1,0,0,1,0,0,1,0,0,0,0,0,0.5
"211","09-003-2-1",4,2,0.304636097349238,0.165289256198347,0.021484375,0.978515625,0,0,0.001953125,0,0,0,0
"212","09-003-2-10",3,3,0.566085738959629,0.291666666666667,1,0,0,0,0,0,0,0,0
"213","09-003-2-11",3,3,0.22445109055581,0.0918367346938777,1,0,0,0,0,0,0,0,0
"214","09-003-2-12",4,4,1.12902700985161,0.642474717430101,1,0,0,0,0,0,0,0,0
"215","09-003-2-13",2,2,0.636514168294813,0.444444444444444,1,0,0,0,0,0,0,0,0
"216","09-003-2-14",5,3,0.478362628262914,0.265820273755207,0.771739130434783,0,0.228260869565217,0,0,0.0108695652173913,0,0,0.178571428571429
"217","09-003-2-15",5,2,0.304636097349238,0.165289256198347,0.333333333333333,0.636363636363636,0.0303030303030303,0,0,0,0,0,0.0294117647058824
"218","09-003-2-2",5,3,0.758487320581266,0.478668054110302,0.939393939393939,0.0606060606060606,0,0,0,0,0,0,0
"219","09-003-2-3",3,3,0.687385071620972,0.470930073188783,1,0,0,0,0,0,0,0,0
"220","09-003-2-4",2,2,0.636514168294813,0.444444444444444,1,0,0,0,0,0,0,0,0
"221","09-003-2-5",3,3,0.758487320581266,0.478668054110302,1,0,0,0,0,0,0,0,0
"222","09-003-2-6",3,3,0.566085738959629,0.291666666666667,1,0,0,0,0.0833333333333333,0,0,0,0
"223","09-003-2-7",5,4,0.836809739332495,0.518491124260355,0.981132075471698,0.0188679245283019,0,0,0.566037735849057,0,0,0,0
"224","09-003-2-8",5,3,0.536916058114857,0.328932941537652,0.986928104575163,0.0130718954248366,0,0,0.784313725490196,0,0,0,0
"225","09-003-2-9",2,1,0,0,0.967741935483871,0.032258064516129,0,0,0,0,0,0,0
"226","09-006-1-1",7,4,1.15374194270109,0.612244897959184,0.257352941176471,0.738970588235294,0.00367647058823529,0,0,NA,0,0.00367647058823529,0
"227","09-006-1-10",10,5,0.994353691762369,0.469387755102041,0.208955223880597,0.0149253731343284,0.761194029850746,0.0149253731343284,0,NA,0.149253731343284,0.597014925373134,0.0147058823529412
"228","09-006-1-11",5,4,1.12902700985161,0.642474717430101,0.041372351160444,0.958627648839556,0,0,0,NA,0,0,0
"229","09-006-1-12",4,2,0.304636097349238,0.165289256198347,0.0909090909090909,0,0.909090909090909,0,0,NA,0,0.247933884297521,0.398009950248756
"230","09-006-1-13",11,5,1.15490424239039,0.663934426229508,0.787096774193548,0.129032258064516,0.0709677419354839,0.0129032258064516,0,NA,0.0645161290322581,0,0.00641025641025641
"231","09-006-1-14",10,5,0.681610269052953,0.298611111111111,0.25,0.21875,0.520833333333333,0.0104166666666667,0,NA,0.208333333333333,0,0.238095238095238
"232","09-006-1-2",7,6,1.07000964663854,0.54572940287226,0.064089521871821,0.935910478128179,0,0,0.0101729399796541,NA,0,0,0
"233","09-006-1-3",8,3,0.566085738959629,0.291666666666667,0.032258064516129,0.860215053763441,0.10752688172043,0,0,NA,0.0806451612903226,0.0268817204301075,0
"234","09-006-1-4",6,3,0.110100081923397,0.0386389850057669,0.82258064516129,0.169354838709677,0.00806451612903226,0,0.806451612903226,NA,0,0.00806451612903226,0
"235","09-006-1-5",6,5,1.30706237811781,0.705078125,0.96969696969697,0.0303030303030303,0,0,0.303030303030303,NA,0,0,0
"236","09-006-1-6",4,2,0.693147180559945,0.5,0.0196078431372549,0,0.980392156862745,0,0,NA,0,0.196078431372549,0.43956043956044
"237","09-006-1-7",7,5,0.905464461506079,0.50268744961032,0.917293233082707,0.0075187969924812,0.075187969924812,0,0.225563909774436,NA,0,0.075187969924812,0
"238","09-006-1-8",9,4,1.38629436111989,0.75,0.0204081632653061,0.102040816326531,0.86734693877551,0.0102040816326531,0,NA,0.255102040816327,0.612244897959184,0
"239","09-006-1-9",6,2,0.693147180559945,0.5,0.0192307692307692,0.0192307692307692,0.961538461538461,0,0,NA,0.480769230769231,0.480769230769231,0
"240","09-016-1-1",2,2,0.0665216142537902,0.0243865264441394,1,0,0,0,0,NA,NA,NA,0
"241","09-016-1-10",4,4,0.513725282877328,0.293503200096607,1,0,0,0,0,NA,NA,NA,0
"242","09-016-1-11",3,3,0.189683136438979,0.0747041420118345,1,0,0,0,0,NA,NA,NA,0
"243","09-016-1-12",3,3,0.131460198016592,0.0522137567265173,1,0,0,0,0,NA,NA,NA,0
"244","09-016-1-13",5,5,0.6472136421657,0.393263607464389,1,0,0,0,0.738916256157635,NA,NA,NA,0
"245","09-016-1-14",3,3,0.110100081923397,0.0386389850057669,1,0,0,0,0,NA,NA,NA,0
"246","09-016-1-16",3,3,0.6055525970051,0.3852195888259,1,0,0,0,0,NA,NA,NA,0
"247","09-016-1-17",1,1,0,0,1,0,0,0,0,NA,NA,NA,0
"248","09-016-1-18",0,0,0,1,NA,NA,NA,NA,NA,NA,NA,NA,NA
"249","09-016-1-19",3,3,0.277113357491456,0.119140625,1,0,0,0,0.03125,NA,NA,NA,0
"250","09-016-1-2",2,2,0.304636097349238,0.165289256198347,1,0,0,0,0,NA,NA,NA,0
"251","09-016-1-20",2,2,0.163023629494366,0.0739644970414202,1,0,0,0,0,NA,NA,NA,0
"252","09-016-1-3",1,1,0,0,1,0,0,0,0,NA,NA,NA,0
"253","09-016-1-4",1,1,0,0,1,0,0,0,0,NA,NA,NA,0
"254","09-016-1-5",4,4,0.0664234246616453,0.019671274058099,1,0,0,0,0,NA,NA,NA,0
"255","09-016-1-6",2,2,0.562335144618808,0.375,1,0,0,0,0,NA,NA,NA,0
"256","09-016-1-7",1,1,0,0,1,0,0,0,0,NA,NA,NA,0
"257","09-016-1-8",4,4,0.727835622592623,0.440200617283951,1,0,0,0,0,NA,NA,NA,0
"258","09-016-1-9",1,1,0,0,1,0,0,0,0,NA,NA,NA,0
"259","09-016-2-15",0,0,0,1,NA,NA,NA,NA,NA,NA,NA,NA,NA
"260","09-020-1-1",7,4,1.27703425946614,0.693877551020408,0.958904109589041,0.0273972602739726,0.0136986301369863,0,0,NA,0.0136986301369863,0,0
"261","09-020-1-10",5,2,0.673011667009257,0.48,0.495049504950495,0.099009900990099,0.405940594059406,0,0.297029702970297,NA,0.396039603960396,0.0099009900990099,0
"262","09-020-1-11",4,2,0.450561208866305,0.277777777777778,0.779220779220779,0.00432900432900433,0.216450216450216,0,0.12987012987013,NA,0.216450216450216,0,0
"263","09-020-1-12",3,2,0.00790035475764108,0.00199600599200989,0.999001996007984,0.000998003992015968,0,0,0.998003992015968,NA,0,0,0
"264","09-020-1-13",1,1,0,0,1,0,0,0,0,NA,0,0,0
"265","09-020-1-14",4,3,0.0690092661712424,0.0238817911584353,0.99890350877193,0.00109649122807018,0,0,0.986842105263158,NA,0,0,0
"266","09-020-1-15",6,3,0.663865852499243,0.424518944653838,0.586776859504132,0.0826446280991736,0.330578512396694,0,0,NA,0.247933884297521,0.0826446280991736,0
"267","09-020-1-16",4,2,0.00959455239377505,0.00249376169924909,0.997509339975093,0.0012453300124533,0.0012453300124533,0,0.99626400996264,NA,0.0012453300124533,0,0
"268","09-020-1-17",6,4,0.873845390267843,0.509765625,0.385542168674699,0,0.614457831325301,0,0.240963855421687,NA,0.602409638554217,0.0120481927710843,0
"269","09-020-1-18",7,3,0.70816497494338,0.501236558028672,0.808917197452229,0.0424628450106157,0.148619957537155,0,0,NA,0.0212314225053079,0.127388535031847,0
"270","09-020-1-19",6,4,1.05029987525778,0.62624411338839,0.921779141104294,0.00153374233128834,0.0766871165644172,0,0,NA,0,0.0766871165644172,0
"271","09-020-1-2",4,3,0.747312276838187,0.503868280103154,0.876543209876543,0,0.123456790123457,0,0.37037037037037,NA,0.123456790123457,0,0
"272","09-020-1-20",5,3,0.164865453862413,0.0629552549427679,0.953846153846154,0,0.0461538461538462,0,0.923076923076923,NA,0.0307692307692308,0.0153846153846154,0
"273","09-020-1-3",4,0,0,1,0,0.16030534351145,0.83969465648855,0,0,NA,0,0.0763358778625954,0
"274","09-020-1-5",6,5,1.0044427717477,0.531217481789802,0.46969696969697,0.53030303030303,0,0,0.0757575757575758,NA,0,0,0
"275","09-020-1-6",4,3,0.261951734260603,0.118272569444444,0.998959417273673,0.00104058272632674,0,0,0.936524453694069,NA,0,0,0
"276","09-020-1-7",5,4,1.2130075659799,0.65625,0.987654320987654,0.0123456790123457,0,0,0.493827160493827,NA,0,0,0
"277","09-020-1-8",6,4,0.589280063598296,0.275147928994083,0.959409594095941,0.003690036900369,0.03690036900369,0,0.811808118081181,NA,0.03690036900369,0,0
"278","09-020-1-9",4,4,0.023864708660128,0.00603012629189814,1,0,0,0,0.996978851963746,NA,0,0,0
"279","11-001-1-1",7,2,0.0398275579113589,0.0131573176615059,0.915151515151515,0.0121212121212121,0.0666666666666667,0.00606060606060606,0.909090909090909,0,0.0606060606060606,0.00606060606060606,0
"280","11-001-1-10",7,3,0.189683136438979,0.0747041420118345,0.702702702702703,0.148648648648649,0.148648648648649,0,0,0,0.0135135135135135,0.135135135135135,0
"281","11-001-1-11",6,3,1.09861228866811,0.666666666666667,0.909090909090909,0.0606060606060606,0.0303030303030303,0,0.303030303030303,0,0.0303030303030303,0,0
"282","11-001-1-12",11,5,1.6094379124341,0.8,0.029585798816568,0.0710059171597633,0.893491124260355,0.00591715976331361,0,0.887573964497042,0.00591715976331361,0,0
"283","11-001-1-13",5,2,0.693147180559945,0.5,0.0606060606060606,0.333333333333333,0.606060606060606,0,0,0,0,0.606060606060606,0
"284","11-001-1-14",9,6,1.26787818909413,0.633101851851852,0.857142857142857,0.0119047619047619,0.130952380952381,0,0.0119047619047619,0,0.119047619047619,0.0119047619047619,0
"285","11-001-1-15",3,3,0.051789288044909,0.0157785336356764,1,0,0,0,0,0,0,0,0
"286","11-001-1-16",6,4,1.38629436111989,0.75,0.00966183574879227,0.990338164251208,0,0,0,0,0,0,0
"287","11-001-1-17",10,7,0.378043450045246,0.133856138453218,0.796296296296296,0.194444444444444,0.00925925925925926,0,0.740740740740741,0,0,0.00925925925925926,0
"288","11-001-1-18",13,9,1.61115781734392,0.666666666666667,0.818181818181818,0.136363636363636,0.0454545454545455,0,0.0454545454545455,0,0,0.0454545454545455,0
"289","11-001-1-19",13,9,0.33110228987777,0.12178596978496,0.920689655172414,0.0689655172413793,0.00689655172413793,0.00344827586206897,0.862068965517241,0,0.00344827586206897,0.00344827586206897,0
"290","11-001-1-2",8,5,1.6094379124341,0.8,0.294117647058824,0.588235294117647,0.0588235294117647,0.0588235294117647,0,0,0.0588235294117647,0,0
"291","11-001-1-20",11,5,0.994353691762369,0.469387755102041,0.245614035087719,0.385964912280702,0.350877192982456,0.0175438596491228,0.0175438596491228,0,0.350877192982456,0,0
"292","11-001-1-3",7,3,0.367649477400142,0.169421487603306,0.628571428571429,0.0571428571428571,0.0285714285714286,0.285714285714286,0.0285714285714286,0,0,0.0285714285714286,0
"293","11-001-1-4",9,7,0.672998105038604,0.307266435986159,0.80952380952381,0.0952380952380952,0.0952380952380952,0,0.666666666666667,0,0.0952380952380952,0,0
"294","11-001-1-5",10,6,0.673166111268136,0.323593864134405,0.691588785046729,0.0280373831775701,0.280373831775701,0,0.560747663551402,0.280373831775701,0,0,0
"295","11-001-1-6",10,5,1.06871065080683,0.562904259658528,0.748571428571429,0.0114285714285714,0.234285714285714,0.00571428571428571,0.171428571428571,0.228571428571429,0,0.00571428571428571,0
"296","11-001-1-7",12,7,0.968347848224874,0.561483685832713,0.932692307692308,0.0144230769230769,0.0528846153846154,0,0.384615384615385,0,0.0480769230769231,0.00480769230769231,0
"297","11-001-1-8",12,9,1.19239574335092,0.479591836734694,0.28,0.01,0.71,0,0,0.7,0,0.01,0
"298","11-001-1-9",13,7,0.885761357185459,0.512832571889277,0.91044776119403,0.0111940298507463,0.0746268656716418,0.00373134328358209,0.298507462686567,0.0373134328358209,0,0.0373134328358209,0
"299","11-009-1-1",4,2,0.0589144326609315,0.0210502489814395,0.988433228180862,0.0010515247108307,0.010515247108307,0,0,0,0,0.010515247108307,0
"300","11-009-1-10",8,3,0.405497070210795,0.214949885279556,0.67910447761194,0.23134328358209,0.082089552238806,0.00746268656716418,0.597014925373134,0,0.0746268656716418,0.00746268656716418,0
"301","11-009-1-11",7,4,0.139956635039223,0.0555082015624579,0.885321100917431,0.0344036697247706,0.0802752293577982,0,0.0229357798165138,0.0344036697247706,0.0458715596330275,0,0
"302","11-009-1-12",11,4,0.381951490791321,0.173967013809659,0.929775280898876,0.0337078651685393,0.0337078651685393,0.00280898876404494,0.842696629213483,0.0280898876404494,0.00280898876404494,0.00280898876404494,0
"303","11-009-1-13",7,2,0.0398275579113589,0.0131573176615059,0.599206349206349,0.198412698412698,0.198412698412698,0.00396825396825397,0.595238095238095,0.0793650793650794,0.119047619047619,0,0
"304","11-009-1-14",6,4,0.791828485353771,0.515359168241966,0.285714285714286,0,0.714285714285714,0,0,0.46583850931677,0.248447204968944,0,0
"305","11-009-1-15",12,6,1.45163450114121,0.739334027055151,0.496,0.184,0.32,0,0.16,0.08,0.24,0,0
"306","11-009-1-16",10,5,1.14364377454695,0.635275754422477,0.36046511627907,0.348837209302326,0.290697674418605,0,0.174418604651163,0.116279069767442,0.0581395348837209,0.116279069767442,0
"307","11-009-1-2",11,5,1.0098698976005,0.553539559785842,0.403940886699507,0.251231527093596,0.344827586206897,0,0.0985221674876847,0.0985221674876847,0.197044334975369,0.0492610837438424,0
"308","11-009-1-3",9,4,0.530509630230027,0.238185255198488,0.270588235294118,0.494117647058824,0.235294117647059,0,0.0117647058823529,0,0.117647058823529,0.117647058823529,0
"309","11-009-1-5",10,4,0.837822567322825,0.486820753475725,0.621399176954732,0.164609053497942,0.209876543209877,0.00411522633744856,0.411522633744856,0.00411522633744856,0.123456790123457,0.0823045267489712,0
"310","11-009-1-6",8,5,0.448247380404822,0.208786905787454,0.904,0.096,0,0,0.8,0,0,0,0
"311","11-009-1-7",12,5,0.257458099153903,0.0924036281179139,0.403846153846154,0.0144230769230769,0.576923076923077,0.00480769230769231,0.00480769230769231,0.480769230769231,0.0480769230769231,0.0480769230769231,0
"312","11-009-1-9",9,4,0.530509630230027,0.238185255198488,0.621621621621621,0.0810810810810811,0.27027027027027,0.027027027027027,0.54054054054054,0,0.27027027027027,0,0
"313","11-009-2-4",3,2,0.693147180559945,0.5,0.666666666666667,0,0,0.333333333333333,0,0,0,0,0
"314","11-009-2-8",1,0,0,1,0,0,0,1,0,0,0,0,0
"315","11-014-1-1",10,5,0.994353691762369,0.469387755102041,0.5,0.428571428571429,0.0357142857142857,0.0357142857142857,0.357142857142857,NA,0.0357142857142857,NA,0
"316","11-014-1-2",11,7,1.18561959288883,0.587755102040816,0.729166666666667,0.0416666666666667,0.208333333333333,0.0208333333333333,0.416666666666667,NA,0.208333333333333,NA,0
"317","11-014-1-3",10,7,1.94591014905531,0.857142857142857,0.7,0.2,0.1,0,0.1,NA,0.1,NA,0
"318","12-003-1-1",10,6,1.17299347243951,0.533333333333333,0.0506756756756757,0.0709459459459459,0.878378378378378,0,0.00337837837837838,NA,0.0337837837837838,0.844594594594595,0
"319","12-003-1-10",9,5,1.35637185070726,0.725419076561121,0.152798789712557,0.317700453857791,0.529500756429652,0,0.0453857791225416,NA,0,0.514372163388805,0
"320","12-003-1-2",9,3,1.09861228866811,0.666666666666667,0.15625,0.21875,0.625,0,0,NA,0.104166666666667,0.520833333333333,0
"321","12-003-1-3",6,4,1.01626192541346,0.58321761555247,0.865853658536585,0.0121951219512195,0.121951219512195,0,0.487804878048781,NA,0,0.121951219512195,0
"322","12-003-1-4",8,4,1.02740909118709,0.607615311101051,0.218944099378882,0.0046583850931677,0.77639751552795,0,0.077639751552795,NA,0,0.77639751552795,0
"323","12-003-1-5",9,4,0.587802056042297,0.297915204053601,0.688212927756654,0.0456273764258555,0.26615969581749,0,0.570342205323194,NA,0.0760456273764259,0.190114068441065,0
"324","12-003-1-6",6,5,1.16670566637329,0.626924647630821,0.429386590584879,0,0.570613409415121,0,0,NA,0,0.570613409415121,0
"325","12-003-1-7",6,4,1.00960099918972,0.579081632653061,0.499108734402852,0.0017825311942959,0.499108734402852,0,0.035650623885918,NA,0,0.499108734402852,0
"326","12-003-1-8",2,1,0,0,0.857142857142857,0,0.142857142857143,0,0.857142857142857,NA,0,0.142857142857143,0
"327","12-003-1-9",5,3,0.544283732969439,0.288194444444444,0.571428571428571,0,0.428571428571429,0,0.476190476190476,NA,0.0238095238095238,0.404761904761905,0
"328","13-002-1-1",12,5,0.525304011384848,0.217993079584775,0.0701030927835052,0.393814432989691,0.536082474226804,0,0,0.123711340206186,0.412371134020619,0,0
"329","13-002-1-10",5,1,0,0,0.00826446280991736,0,0.991735537190083,0,0,0.0826446280991736,0.413223140495868,0.0826446280991736,0.292397660818713
"330","13-002-1-101",4,1,0,0,0.0769230769230769,0.153846153846154,0,0.769230769230769,0,0,0,0,0
"331","13-002-1-102",10,4,0.401151821931259,0.194674744897959,0.197879858657244,0.180212014134276,0.620141342756184,0.00176678445229682,0,0,0.618374558303887,0.00176678445229682,0
"332","13-002-1-103",3,1,0,0,0.5,0,0.5,0,0,0.25,0.25,0,0
"333","13-002-1-105",3,1,0,0,0.666666666666667,0,0.333333333333333,0,0,0.25,0.0833333333333333,0,0
"334","13-002-1-109",3,1,0,0,0.307692307692308,0,0.692307692307692,0,0,0.384615384615385,0.307692307692308,0,0
"335","13-002-1-11",15,7,1.24662065193936,0.621399176954733,0.248847926267281,0.470046082949309,0.276497695852535,0.00460829493087558,0,0.0460829493087558,0.230414746543779,0,0
"336","13-002-1-112",9,6,0.542615317189575,0.241438070099235,0.848039215686275,0.053921568627451,0.0980392156862745,0,0.0490196078431373,0,0.0980392156862745,0,0
"337","13-002-1-114",5,2,0.693147180559945,0.5,0.00234192037470726,0.996487119437939,0,0.00117096018735363,0,0,0,0,0
"338","13-002-1-120",4,1,0,0,0.00104931794333683,0.997901364113326,0,0.00104931794333683,0,0,0,0,0
"339","13-002-1-122",6,3,0.566085738959629,0.291666666666667,0.0454545454545455,0.950757575757576,0,0.00378787878787879,0,0,0,0,0
"340","13-002-1-123",4,1,0,0,0.00395256916996047,0.992094861660079,0,0.00395256916996047,0,0,0,0,0
"341","13-002-1-124",4,1,0,0,0.00110741971207088,0.997785160575858,0,0.00110741971207088,0,0,0,0,0
"342","13-002-1-125",7,3,1.09861228866811,0.666666666666667,0.00952380952380952,0.958730158730159,0.0317460317460317,0,0,0,0.0317460317460317,0,0
"343","13-002-1-126",11,6,1.79175946922805,0.833333333333333,0.0125523012552301,0.0439330543933054,0.941422594142259,0.00209205020920502,0,0,0.941422594142259,0,0
"344","13-002-1-13",8,2,0.693147180559945,0.5,0.00520833333333333,0.0572916666666667,0.677083333333333,0.260416666666667,0,0.651041666666667,0.0260416666666667,0,0
"345","13-002-1-15",4,1,0,0,0.0012453300124533,0.998754669987547,0,0,0,0,0,0,0
"346","13-002-1-16",8,2,0.0174381882961134,0.0049750934384738,0.92183908045977,0.0528735632183908,0.0229885057471264,0.00229885057471264,0,0,0.0229885057471264,0,0
"347","13-002-1-19",9,2,0.693147180559945,0.5,0.00279329608938548,0.955307262569833,0.0139664804469274,0.0279329608938548,0,0,0.0139664804469274,0,0
"348","13-002-1-202",2,1,0,0,0.5,0,0.5,0,0,0,0,0,0.333333333333333
"349","13-002-1-3",3,1,0,0,0.05,0,0.95,0,0,0,0.2,0,0.428571428571429
"350","13-002-1-7",10,3,1.09861228866811,0.666666666666667,0.00689655172413793,0.531034482758621,0.462068965517241,0,0,0.114942528735632,0.344827586206897,0.00229885057471264,0
"351","13-002-1-8",5,1,0,0,0.01953125,0.00390625,0.48828125,0.48828125,0,0,0.48828125,0,0
"352","13-002-2-101",6,1,0,0,0.0136986301369863,0.575342465753425,0.410958904109589,0,0,0,0.410958904109589,0,0
"353","13-002-2-106",5,2,0.693147180559945,0.5,0.00207684319833853,0.987538940809969,0,0.0103842159916926,0,0,0,0,0
"354","13-002-2-107",3,0,0,1,0,0.666666666666667,0,0.333333333333333,0,0,0,0,0
"355","13-002-2-108",5,1,0,0,0.465116279069767,0.0697674418604651,0.465116279069767,0,0,0,0.465116279069767,0,0
"356","13-002-2-110",3,1,0,0,0.909090909090909,0.0909090909090909,0,0,0,0,0,0,0
"357","13-002-2-117",5,2,0.693147180559945,0.5,0.4,0.6,0,0,0,0,0,0,0
"358","13-002-2-118",4,1,0,0,0.00132802124833997,0.99734395750332,0,0.00132802124833997,0,0,0,0,0
"359","13-002-2-127",4,2,0.693147180559945,0.5,0.153846153846154,0.769230769230769,0,0.0769230769230769,0,0,0,0,0
"360","13-002-2-4",7,2,0.693147180559945,0.5,0.00234192037470726,0.97423887587822,0.0117096018735363,0.0117096018735363,0,0,0.0117096018735363,0,0
"361","13-002-2-5",4,1,0,0,0.0434782608695652,0.956521739130435,0,0,0,0,0,0,0
"362","13-002-2-9",3,0,0,1,0,0.952380952380952,0,0.0476190476190476,0,0,0,0,0
"363","13-003-1-1",6,3,0.468392041074747,0.281765793694033,0.837587006960557,0.0464037122969838,0.116009280742459,0,0.139211136890951,0,0.0696055684454756,0.0464037122969838,0
"364","13-003-1-2",6,4,0.652146320083563,0.342672848216085,0.976190476190476,0,0.0238095238095238,0,0,0,0.0216450216450216,0.00216450216450216,0
"365","13-003-1-21",7,5,0.681610269052953,0.298611111111111,0.923076923076923,0.0384615384615385,0.0384615384615385,0,0.0384615384615385,0,0.0384615384615385,0,0
"366","13-003-1-22",9,5,0.515524421068837,0.248121170077466,0.877358490566038,0.113207547169811,0.00943396226415094,0,0,0,0,0.00943396226415094,0
"367","13-003-1-23",8,5,0.994353691762369,0.469387755102041,0.4,0.285714285714286,0.314285714285714,0,0,0,0.285714285714286,0.0285714285714286,0
"368","13-003-1-24",9,6,0.143025361311484,0.0495640500983984,0.887820512820513,0.016025641025641,0.0961538461538462,0,0,0,0.0801282051282051,0.016025641025641,0
"369","13-003-1-25",13,7,0.378043450045246,0.133856138453218,0.544303797468354,0.19620253164557,0.259493670886076,0,0,0.00632911392405063,0.189873417721519,0.0632911392405063,0
"370","13-003-1-26",8,6,0.0522945891342986,0.0137360285374555,0.960264900662252,0,0.0397350993377483,0,0,0,0.0132450331125828,0.0264900662251656,0
"371","13-003-1-3",10,6,0.854391868568611,0.421576316047446,0.691780821917808,0.23972602739726,0.0684931506849315,0,0.513698630136986,0,0.0342465753424658,0.0342465753424658,0
"372","13-003-1-4",6,4,0.227158658172535,0.0937109861568456,0.965556831228473,0.0229621125143513,0.0114810562571757,0,0,0,0.0114810562571757,0,0
"373","13-003-1-5",9,6,1.10306894974045,0.565538789818625,0.798029556650246,0.00492610837438424,0.197044334975369,0,0,0,0.147783251231527,0.0492610837438424,0
"374","13-003-1-6",10,6,0.470642065810433,0.198888483965015,0.846652267818575,0.110151187904968,0.0431965442764579,0,0.755939524838013,0,0.0215982721382289,0.0215982721382289,0
"375","13-016-2-1",0,0,0,0,NA,NA,NA,NA,NA,NA,NA,NA,NA
"376","13-016-2-2",1,0,0,0,0,0,0,1,NA,NA,NA,NA,0
"377","13-016-2-3",0,0,0,0,NA,NA,NA,NA,NA,NA,NA,NA,NA
"378","13-016-2-4",0,0,0,0,NA,NA,NA,NA,NA,NA,NA,NA,NA
"379","14-001-1-11",3,1,0,0,0.000999000999000999,0,0.999000999000999,0,0,NA,0.02997002997003,0.969030969030969,0
"380","14-001-1-13",5,4,0.0889484616529799,0.0306753201428227,0.987212276214834,0.0127877237851662,0,0,0,NA,0,0,0
"381","14-001-1-16",5,3,0.0181840654892831,0.00468657012497531,0.977064220183486,0.0114678899082569,0,0.0114678899082569,0.00114678899082569,NA,0,0,0
"382","14-001-1-18",8,5,1.08983664006962,0.623622682074711,0.632124352331606,0.00518134715025907,0.362694300518135,0,0,NA,0.259067357512953,0.103626943005181,0
"383","14-001-1-2",3,1,0,0,0.00181488203266788,0,0.998185117967332,0,0,NA,0.0181488203266788,0.980036297640653,0
"384","14-001-1-20",10,6,1.24388099441461,0.633506616257089,0.531791907514451,0.0635838150289017,0.404624277456647,0,0,NA,0.289017341040462,0.115606936416185,0
"385","14-001-1-4",7,5,0.790243061114321,0.455244886470257,0.398907103825137,0,0.601092896174863,0,0,NA,0.273224043715847,0.327868852459016,0
"386","14-001-1-5",3,1,0,0,0.00232018561484919,0,0.997679814385151,0,0,NA,0.0232018561484919,0.974477958236659,0
"387","14-001-1-6",10,5,0.0995202241158722,0.0300160697887971,0.683937823834197,0.183937823834197,0.129533678756477,0.00259067357512953,0,NA,0.103626943005181,0.0259067357512953,0
"388","14-001-1-7",2,1,0,0,0.0014265335235378,0,0.998573466476462,0,0,NA,0,0.998573466476462,0
"389","AFN-1-1",7,2,0.0259898735319369,0.00793638196219137,0.799363057324841,0.00318471337579618,0.0382165605095541,0.159235668789809,0.796178343949045,0.0318471337579618,0.00318471337579618,0.00318471337579618,0
"390","AFN-1-15",3,1,0,0,0.981996726677578,0.0180032733224223,0,0,0.981996726677578,0,0,0,0
"391","AFN-1-17",3,1,0,0,0.869565217391304,0.108695652173913,0.0217391304347826,0,0.869565217391304,0,0,0.0217391304347826,0
"392","AFN-1-19",4,2,0.0665216142537903,0.0243865264441396,0.997536945812808,0.00246305418719212,0,0,0.985221674876847,0,0,0,0
"393","AFN-1-2",7,5,1.15759569568489,0.657136105860113,0.268221574344023,0.00291545189504373,0.728862973760933,0,0.0583090379008746,0,0,0.728862973760933,0
"394","AFN-1-20",3,1,0,0,0.981996726677578,0.0180032733224223,0,0,0.981996726677578,0,0,0,0
"395","AFN-1-21",6,4,0.997783277909183,0.582644628099174,0.916666666666667,0.0833333333333333,0,0,0.416666666666667,0,0,0,0
"396","AFN-1-22",7,4,0.279704172582173,0.108935564257743,0.392592592592593,0.6,0,0.00740740740740741,0.00740740740740741,0,0,0,0
"397","AFN-1-24",5,4,0.997783277909183,0.582644628099174,0.956521739130435,0.0434782608695652,0,0,0,0,0,0,0
"398","AFN-1-25",9,5,1.30706237811781,0.705078125,0.888888888888889,0.0555555555555556,0.0277777777777778,0.0277777777777778,0.277777777777778,0,0,0.0277777777777778,0
"399","AFN-1-27",5,3,0.747312276838187,0.503868280103154,0.972602739726027,0.0273972602739726,0,0,0.410958904109589,0,0,0,0
"400","AFN-1-28",4,2,0.693147180559945,0.5,0.845070422535211,0.154929577464789,0,0,0.422535211267606,0,0,0,0
"401","AFN-1-29",11,6,1.08693415988027,0.56401384083045,0.871794871794872,0.0769230769230769,0.0512820512820513,0,0.0256410256410256,0,0.0256410256410256,0.0256410256410256,0
"402","AFN-1-3",2,1,0,0,0.957446808510638,0.0425531914893617,0,0,0.957446808510638,0,0,0,0
"403","AFN-1-31",7,3,0.164865453862414,0.0629552549427681,0.939393939393939,0.0303030303030303,0.0151515151515152,0.0151515151515152,0,0,0,0.0151515151515152,0
"404","AFN-1-32",2,2,0.191444081957717,0.090702947845805,1,0,0,0,0,0,0,0,0
"405","AFN-1-33",2,2,0.636514168294813,0.444444444444444,1,0,0,0,0,0,0,0,0
"406","AFN-1-34",6,4,0.404509941773612,0.170798898071625,0.942857142857143,0.0571428571428571,0,0,0,0,0,0,0
"407","AFN-1-4",3,1,0,0,0.997340425531915,0.00265957446808511,0,0,0.997340425531915,0,0,0,0
"408","AFN-1-5",6,4,0.694873121425766,0.368433874927382,0.69578313253012,0.00301204819277108,0.301204819277108,0,0.542168674698795,0,0,0.301204819277108,0
"409","AFN-1-6",2,1,0,0,0.887096774193548,0.112903225806452,0,0,0.887096774193548,0,0,0,0
"410","AFN-1-7",3,1,0,0,0.997782705099778,0.00221729490022173,0,0,0.997782705099778,0,0,0,0
"411","AFN-1-9",2,1,0,0,0.997506234413965,0.00249376558603491,0,0,0.997506234413965,0,0,0,0
"412","AFN-2-10",4,2,0.191444081957717,0.090702947845805,0.91304347826087,0.0869565217391304,0,0,0,0,0,0,0
"413","AFN-2-11",5,2,0.693147180559945,0.5,0.037037037037037,0.944444444444444,0,0.0185185185185185,0,0,0,0,0
"414","AFN-2-12",3,2,0.191444081957717,0.090702947845805,0.67741935483871,0.32258064516129,0,0,0,0,0,0,0
"415","AFN-2-13",4,0,0,1,0,0.029126213592233,0.970873786407767,0,0,0,0,0.970873786407767,0
"416","AFN-2-14",5,3,0.353288133485761,0.18018018018018,0.982300884955752,0.0176991150442478,0,0,0,0,0,0,0
"417","AFN-2-18",3,0,0,1,0,0.666666666666667,0,0.333333333333333,0,0,0,0,0
"418","AFN-2-8",3,2,0.562335144618808,0.375,0.975609756097561,0.024390243902439,0,0,0.24390243902439,0,0,0,0
"419","03-003B-1-1",2,1,0,0,0.999000999000999,0,0.000999000999000999,0,0,NA,0.000999000999000999,0,0
"420","03-003B-1-11",3,1,0,0,0.99502487562189,0.00248756218905473,0.00248756218905473,0,0,NA,0.00248756218905473,0,0
"421","03-003B-1-13",5,1,0,0,0.840336134453782,0.158613445378151,0.00105042016806723,0,0,NA,0,0.00105042016806723,0
"422","03-003B-1-14",3,1,0,0,0.00662251655629139,0.662251655629139,0.33112582781457,0,0,NA,0,0.33112582781457,0
"423","03-003B-1-16",5,4,0.830797189434795,0.515967548934582,0.990108803165183,0,0.00989119683481701,0,0.0494559841740851,NA,0.00989119683481701,0,0
"424","03-003B-1-3",4,2,0.191444081957717,0.090702947845805,0.374331550802139,0.623885918003565,0.0017825311942959,0,0,NA,0.0017825311942959,0,0
"425","03-003B-1-4",4,1,0,0,0.657894736842105,0.131578947368421,0.210526315789474,0,0,NA,0.0131578947368421,0.197368421052632,0
"426","03-003B-1-5",7,4,0.0322328028627513,0.00851056941496409,0.995750708215298,0.00141643059490085,0.0028328611898017,0,0,NA,0.00141643059490085,0.00141643059490085,0
"427","03-003B-2-1",7,5,0.994353691762369,0.469387755102041,0.0651162790697674,0.930232558139535,0,0.00465116279069767,0,NA,0,0,0
"428","03-003B-2-10",6,4,1.38629436111989,0.75,0.266666666666667,0.666666666666667,0.0666666666666667,0,0,NA,0.0666666666666667,0,0
"429","03-003B-2-14",3,2,0.191444081957717,0.090702947845805,0.344262295081967,0.655737704918033,0,0,0,NA,0,0,0
"430","03-003B-2-15",3,3,1.09861228866811,0.666666666666667,1,0,0,0,0,NA,0,0,0
"431","03-003B-2-17",6,4,1.38629436111989,0.75,0.16,0,0.04,0.8,0,NA,0.04,0,0
"432","03-003B-2-19",7,4,1.38629436111989,0.75,0.153846153846154,0.0384615384615385,0.0384615384615385,0.769230769230769,0,NA,0.0384615384615385,0,0
"433","03-003B-2-4",4,3,1.09861228866811,0.666666666666667,0.75,0.25,0,0,0,NA,0,0,0
"434","Frenchies-1-1-02A",6,1,0,0,0.0043859649122807,0.0043859649122807,0.991228070175439,0,NA,0.087719298245614,0.0043859649122807,0.0219298245614035,0.467289719626168
"435","Frenchies-1-1-03A",5,3,0.790906433968707,0.523497917906008,0.14041095890411,0.00342465753424658,0.856164383561644,0,NA,0,0,0,0.461254612546125
"436","Frenchies-1-2-01A",2,0,0,1,0,0,1,0,NA,0,0.032258064516129,0,0.491803278688525
"437","Frenchies-1-2-02A",4,1,0,0,0.0714285714285714,0,0.928571428571429,0,NA,0,0.0714285714285714,0.357142857142857,0.333333333333333
"438","Frenchies-1-3-01B",3,1,0,0,0.0357142857142857,0,0.964285714285714,0,NA,0,0.0714285714285714,0,0.471698113207547
"439","Frenchies-1-3-03A",4,1,0,0,0.227272727272727,0,0.772727272727273,0,NA,0,0.227272727272727,0.0909090909090909,0.3125
"440","Frenchies-1-3-04A",1,0,0,1,0,0,1,0,NA,0,0,0,0.5
"441","Frenchies-1-4-02A",3,2,0.693147180559945,0.5,0.0163934426229508,0,0.983606557377049,0,NA,0,0,0,0.495867768595041
"442","Frenchies-1-4-03A",2,0,0,1,0,0,1,0,NA,0.142857142857143,0,0,0.461538461538462
"443","Frenchies-1-5-01B",3,1,0,0,0.2,0,0.8,0,NA,0,0.5,0,0.230769230769231
"444","Frenchies-1-5-02B",2,0,0,1,0,0,1,0,NA,0,0.0196078431372549,0,0.495049504950495
"445","Frenchies-1-5-03B",4,3,0.727001362547059,0.430839002267574,0.173553719008264,0,0.826446280991736,0,NA,0,0,0,0.452488687782805
"446","Frenchies-1-7-03A",3,0,0,1,0,0,1,0,NA,0,0.384615384615385,0.0769230769230769,0.35
"447","Frenchies-1-7-04A",2,1,0,0,0.0123456790123457,0,0.987654320987654,0,NA,0,0,0,0.496894409937888
"448","Frenchies-1-8-01A",2,1,0,0,0.0384615384615385,0,0.961538461538462,0,NA,0,0,0,0.490196078431373
"449","Frenchies-1-8-02B",4,2,0.693147180559945,0.5,0.0298507462686567,0,0.970149253731343,0,NA,0,0.0746268656716418,0,0.47244094488189
"450","Frenchies-1-8-03B",4,3,0.796311640173813,0.448979591836735,0.0338164251207729,0,0.966183574879227,0,NA,0,0,0,0.491400491400491
"451","Frenchies-1-8-04B",5,3,0.867563228481461,0.5,0.375,0,0.625,0,NA,0,0.375,0,0.2
"452","Frenchies-1-9-03A",2,0,0,1,0,0,1,0,NA,0,0.130434782608696,0,0.465116279069767
"453","Frenchies-1-9-04A",2,1,0,0,0.166666666666667,0,0.833333333333333,0,NA,0,0,0,0.454545454545455
"454","Glenrose down-1-1",4,3,0.328643789831673,0.152436484798001,0.98,0,0.02,0,0.9,NA,0,0,0.0196078431372549
"455","Glenrose down-1-10",3,2,0.0289407096737731,0.00900882455314211,0.565217391304348,0,0.434782608695652,0,0.562659846547315,NA,0,0.434782608695652,0
"456","Glenrose down-1-11",3,3,0.155929343401391,0.064438988326138,1,0,0,0,0.966767371601208,NA,0,0,0
"457","Glenrose down-1-13",3,3,0.289797471261919,0.126577777777778,1,0,0,0,0.933333333333333,NA,0,0,0
"458","Glenrose down-1-15",3,3,0.700612028589412,0.498583061389662,1,0,0,0,0.537634408602151,NA,0,0,0
"459","Glenrose down-1-16",2,2,0.532095533190137,0.347800237812128,1,0,0,0,0.775862068965517,NA,0,0,0
"460","Glenrose down-1-17",2,2,0.598269588585257,0.408163265306122,1,0,0,0,0.285714285714286,NA,0,0,0
"461","Glenrose down-1-18",2,2,0.465999256961043,0.290657439446367,1,0,0,0,0.176470588235294,NA,0,0,0
"462","Glenrose down-1-20",3,3,0.641565650029429,0.443277286414146,1,0,0,0,0.669412976313079,NA,0,0,0
"463","Glenrose down-1-4",4,3,0.137267597754487,0.0566327011528522,0.986320109439125,0,0.0136798905608755,0,0.957592339261286,NA,0.0136798905608755,0,0
"464","Glenrose down-1-6",2,2,0.693147180559945,0.5,1,0,0,0,0.5,NA,0,0,0
"465","Glenrose down-1-7",2,2,0.545594573969184,0.359861591695502,1,0,0,0,0.764705882352941,NA,0,0,0
"466","Glenrose down-1-8",4,3,0.202941814079165,0.0935802351310149,0.940387481371088,0,0.0596125186289121,0,0.894187779433681,NA,0.0596125186289121,0,0
"467","Glenrose down-1-9",2,2,0.00826181715647632,0.00210083801322636,1,0,0,0,0.0010515247108307,NA,0,0,0
"468","Glenrose upstream-1-1",10,4,0.727835622592623,0.440200617283951,0.75,0.125,0.114583333333333,0.0104166666666667,0,NA,0.0104166666666667,0.104166666666667,0
"469","Glenrose upstream-1-10",2,2,0.00826181715647632,0.00210083801322636,1,0,0,0,0.0010515247108307,NA,0,0,0
"470","Glenrose upstream-1-11",12,2,0.142505867392738,0.0624349635796047,0.246031746031746,0.666666666666667,0,0.0873015873015873,0,NA,0,0,0
"471","Glenrose upstream-1-12",8,3,0.758487320581266,0.478668054110302,0.484375,0.484375,0.015625,0.015625,0.3125,NA,0.015625,0,0
"472","Glenrose upstream-1-13",8,4,0.164289363761817,0.0644211104667135,0.965333333333333,0.032,0.00266666666666667,0,0.0266666666666667,NA,0,0.00266666666666667,0
"473","Glenrose upstream-1-14",7,3,0.526824664151217,0.300994356355818,0.824324324324324,0.0405405405405405,0.135135135135135,0,0.135135135135135,NA,0,0.135135135135135,0
"474","Glenrose upstream-1-15",9,5,1.13324630897781,0.616257088846881,0.638888888888889,0.333333333333333,0,0.0277777777777778,0.0277777777777778,NA,0,0,0
"475","Glenrose upstream-1-16",12,5,0.341473237344316,0.149271707629192,0.343157894736842,0.63578947368421,0,0.0210526315789474,0,NA,0,0,0
"476","Glenrose upstream-1-17",4,2,0.0144024100447533,0.00398404787231943,0.978515625,0.001953125,0,0.01953125,0.001953125,NA,0,0,0
"477","Glenrose upstream-1-18",11,3,0.47875333041029,0.244946492271106,0.638766519823789,0.0704845814977974,0.26431718061674,0.026431718061674,0,NA,0,0.26431718061674,0
"478","Glenrose upstream-1-19",6,4,0.807812462762852,0.523795359904819,0.803921568627451,0.0980392156862745,0.0980392156862745,0,0.392156862745098,NA,0,0.0980392156862745,0
"479","Glenrose upstream-1-2",9,3,0.22445109055581,0.0918367346938777,0.253012048192771,0.0120481927710843,0.0120481927710843,0.72289156626506,0,NA,0.00602409638554217,0.00602409638554217,0
"480","Glenrose upstream-1-20",7,4,1.11636707528934,0.602040816326531,0.921052631578947,0.0789473684210526,0,0,0.526315789473684,NA,0,0,0
"481","Glenrose upstream-1-21",12,5,1.20402945181027,0.666420118343195,0.233183856502242,0.677130044843049,0.0896860986547085,0,0.0896860986547085,NA,0.0896860986547085,0,0
"482","Glenrose upstream-1-3",11,6,0.071481104104873,0.019684344672091,0.875216637781629,0.123050259965338,0.00173310225303293,0,0,NA,0,0.00173310225303293,0
"483","Glenrose upstream-1-4",6,4,1.20797368759223,0.655,0.99009900990099,0.00495049504950495,0.00495049504950495,0,0.099009900990099,NA,0,0.00495049504950495,0
"484","Glenrose upstream-1-5",3,2,0.240335939628665,0.121437004553888,0.998702983138781,0,0.0012970168612192,0,0.0648508430609598,NA,0,0.0012970168612192,0
"485","Glenrose upstream-1-6",6,4,0.565691266433693,0.292483116209004,0.974537037037037,0.0231481481481481,0.00231481481481481,0,0.115740740740741,NA,0,0.00231481481481481,0
"486","Glenrose upstream-1-7",3,1,0,0,0.998003992015968,0,0,0.00199600798403194,0,NA,0,0,0
"487","Glenrose upstream-1-8",4,3,0.478362628262914,0.265820273755207,0.876543209876543,0.123456790123457,0,0,0.0123456790123457,NA,0,0,0
"488","Glenrose upstream-1-9",7,4,0.793730055158425,0.390532544378698,0.52,0.48,0,0,0.04,NA,0,0,0
"489","Gunderson-1-10",6,3,0.584383545917565,0.359859920299481,0.968085106382979,0.0212765957446809,0.0106382978723404,0,0.0106382978723404,0,0.0106382978723404,0,0
"490","Gunderson-1-13",3,1,0,0,0.986842105263158,0.00657894736842105,0,0.00657894736842105,0,0,0,0,0
"491","Gunderson-1-14",2,2,0.491327448450522,0.312174817898023,1,0,0,0,0,0,0,0,0
"492","Gunderson-1-16",13,8,0.989472688081088,0.478033015983929,0.869918699186992,0.048780487804878,0.0813008130081301,0,0.609756097560976,0,0.040650406504065,0.040650406504065,0
"493","Gunderson-1-19",9,4,1.08707537716112,0.598765432098765,0.222222222222222,0.0987654320987654,0.62962962962963,0.0493827160493827,0.0246913580246914,0,0.0123456790123457,0.617283950617284,0
"494","Gunderson-1-2",4,2,0.686961576597323,0.493827160493827,0.989010989010989,0.00549450549450549,0,0.00549450549450549,0.549450549450549,0,0,0,0
"495","Gunderson-1-20",6,3,0.741830412456956,0.509753945691599,0.200795228628231,0.00198807157057654,0.797216699801193,0,0.099403578528827,0,0.00198807157057654,0.795228628230616,0
"496","Gunderson-1-21",4,1,0,0,0.794701986754967,0.198675496688742,0,0.00662251655629139,0.794701986754967,0,0,0,0
"497","Gunderson-1-22",6,3,0.572730580091649,0.371117459679996,0.991017964071856,0.0029940119760479,0.0029940119760479,0.0029940119760479,0.748502994011976,0,0,0.0029940119760479,0
"498","Gunderson-1-23",7,4,1.01485722894481,0.601376645332689,0.602649006622517,0.198675496688742,0,0.198675496688742,0,0,0,0,0
"499","Gunderson-1-24",7,5,0.613073280563058,0.351112365722656,0.996108949416343,0.00194552529182879,0.00194552529182879,0,0.778210116731518,0,0.00194552529182879,0,0
"500","Gunderson-1-25",4,3,0.758487320581266,0.478668054110302,0.96875,0.03125,0,0,0,0,0,0,0
"501","Gunderson-1-3",12,7,0.543938479120489,0.238939960223879,0.903587443946188,0.00448430493273543,0.0919282511210762,0,0.784753363228699,0.00224215246636771,0.0448430493273543,0.0448430493273543,0
"502","Gunderson-1-5",11,7,0.953687096826105,0.399408284023669,0.0593607305936073,0.0251141552511416,0.915525114155251,0,0.00228310502283105,0,0.00228310502283105,0.91324200913242,0
"503","Gunderson-1-6",11,6,1.02633650471856,0.588191629748327,0.947126436781609,0.0298850574712644,0.0229885057471264,0,0.390804597701149,0,0.0229885057471264,0,0
"504","Gunderson-2-11",2,1,0,0,0.0909090909090909,0.909090909090909,0,0,0,0,0,0,0
"505","Gunderson-2-4",5,2,0.693147180559945,0.5,0.0192307692307692,0.980769230769231,0,0,0,0,0,0,0
"506","Gunderson-2-7",1,0,0,1,0,1,0,0,0,0,0,0,0
"507","Gunderson-2-8",1,0,0,1,0,1,0,0,0,0,0,0,0
"508","Gunderson-2-9",0,0,0,1,NA,NA,NA,NA,NA,NA,NA,NA,NA
"509","Ref1-1-13",5,4,0.211889998434753,0.0880193461919468,0.996197718631179,0,0.00380228136882129,0,0,0,0.00380228136882129,0.950570342205323,0
"510","Ref1-1-15",5,5,0.722095321156808,0.428067977132117,1,0,0,0,0,0,0,0.707964601769911,0
"511","Ref1-1-23",3,3,0.867563228481461,0.5,1,0,0,0,0,0,0,0.166666666666667,0
"512","Ref1-1-24",4,2,0.661563238157982,0.46875,0.842105263157895,0,0.157894736842105,0,0,0.0526315789473684,0.105263157894737,0.526315789473684,0
"513","Ref1-2-1",10,5,0.156463679592601,0.0511047394164277,0.785714285714286,0.0612244897959184,0.153061224489796,0,0,0.0510204081632653,0.102040816326531,0.76530612244898,0
"514","Ref1-2-10",7,6,0.925812767509685,0.548569487247931,0.66996699669967,0.33003300330033,0,0,0,0,0,0.0033003300330033,0
"515","Ref1-2-11",6,4,1.20567904997478,0.68678459937565,0.154228855721393,0.497512437810945,0.348258706467662,0,0,0.348258706467662,0,0.0497512437810945,0
"516","Ref1-2-12",7,4,0.513725282877328,0.293503200096607,0.694656488549618,0.0381679389312977,0.267175572519084,0,0,0.0763358778625954,0.190839694656489,0,0
"517","Ref1-2-14",10,5,0.366740523019695,0.141289437585734,0.461538461538462,0.52991452991453,0.00854700854700855,0,0,0.00854700854700855,0,0.00854700854700855,0
"518","Ref1-2-16",9,4,1.13146164142867,0.654444444444444,0.894187779433681,0.0596125186289121,0.0447093889716841,0.0014903129657228,0.402384500745157,0.029806259314456,0.014903129657228,0,0
"519","Ref1-2-18",9,5,0.222832834535458,0.0884765698160797,0.779614325068871,0.110192837465565,0.110192837465565,0,0,0.0275482093663912,0.0826446280991736,0,0
"520","Ref1-2-19",3,3,0.739910842385369,0.504769955319406,1,0,0,0,0,0,0,0.43956043956044,0
"521","Ref1-2-2",7,4,0.708642397522176,0.3930230647767,0.786223277909739,0.0950118764845606,0.118764845605701,0,0.593824228028504,0.0237529691211401,0.0950118764845606,0,0
"522","Ref1-2-20",7,4,0.404509941773612,0.170798898071625,0.452054794520548,0.410958904109589,0.136986301369863,0,0,0.136986301369863,0,0,0
"523","Ref1-2-21",3,3,0.282259345125474,0.144643358557436,1,0,0,0,0,0,0,0.921658986175115,0
"524","Ref1-2-22",3,3,0.207714866190047,0.0950118764845607,1,0,0,0,0,0,0,0.950118764845606,0
"525","Ref1-2-3",11,8,0.606803139784547,0.258612244897959,0.888324873096447,0.101522842639594,0.0101522842639594,0,0,0.0050761421319797,0.0050761421319797,0.050761421319797,0
"526","Ref1-2-5",7,4,0.670839312918006,0.370562130177515,0.504854368932039,0.485436893203883,0,0.00970873786407767,0,0,0,0,0
"527","Ref1-2-6",1,1,0,0,1,0,0,0,0,0,0,1,0
"528","Ref1-2-7",5,5,0.836648400435319,0.528419266660383,1,0,0,0,0,0,0,0.485436893203883,0
"529","Ref1-2-8",5,2,0.0478648502757037,0.0163923229287617,0.846153846153846,0.013986013986014,0.13986013986014,0,0,0,0.13986013986014,0.839160839160839,0
"530","Ref1-2-9",7,5,1.20402945181027,0.666420118343195,0.722222222222222,0.277777777777778,0,0,0,0,0,0.0138888888888889,0
"531","REF3-1-1",7,5,0.164823695205262,0.0613593325868121,0.995180722891566,0,0.00481927710843374,0,0.963855421686747,NA,0.00240963855421687,0,0.00240384615384615
"532","REF3-1-10",8,6,0.110033932683279,0.0324643912926632,0.965189873417721,0.0348101265822785,0,0,0.949367088607595,NA,0,0,0
"533","REF3-1-11",6,5,0.361622171717164,0.152492430795848,0.931506849315068,0,0.0684931506849315,0,0.856164383561644,NA,0,0.0684931506849315,0
"534","REF3-1-12",1,0,0,1,0,1,0,0,0,NA,0,0,0
"535","REF3-1-13",4,3,0.85158425391957,0.54421768707483,0.173553719008264,0,0.826446280991736,0,0,NA,0,0.826446280991736,0
"536","REF3-1-14",2,1,0,0,0.75,0,0.25,0,0,NA,0,0.25,0
"537","REF3-1-15",7,4,0.598338794279204,0.326919696860041,0.525337837837838,0.0506756756756757,0.423986486486487,0,0.422297297297297,NA,0.00168918918918919,0.422297297297297,0
"538","REF3-1-16",3,2,0.191444081957717,0.090702947845805,0.0445859872611465,0,0.955414012738854,0,0,NA,0,0.955414012738854,0
"539","REF3-1-17",3,2,0.191444081957717,0.090702947845805,0.51219512195122,0,0.487804878048781,0,0,NA,0,0.487804878048781,0
"540","REF3-1-18",5,2,0.693147180559945,0.5,0.00405679513184584,0.912778904665314,0.0831643002028398,0,0,NA,0.00202839756592292,0.0811359026369168,0
"541","REF3-1-19",1,0,0,1,0,1,0,0,0,NA,0,0,0
"542","REF3-1-2",7,5,0.576953879498421,0.290691913721765,0.710906701708279,0.0919842312746386,0.197109067017083,0,0.591327201051248,NA,0,0.197109067017083,0
"543","REF3-1-20",4,3,0.051789288044909,0.0157785336356764,0.961832061068702,0,0.0381679389312977,0,0.954198473282443,NA,0.0381679389312977,0,0
"544","REF3-1-3",6,6,0.306680107360413,0.124290331033278,1,0,0,0,0.934579439252337,NA,0,0,0
"545","REF3-1-4",3,2,0.304636097349238,0.165289256198347,0.0990990990990991,0,0.900900900900901,0,0,NA,0,0.900900900900901,0
"546","REF3-1-5",3,1,0,0,0.00662251655629139,0,0.993377483443709,0,0,NA,0,0.927152317880795,0.062111801242236
"547","REF3-1-6",3,1,0,0,0.0163934426229508,0.163934426229508,0.819672131147541,0,0,NA,0,0.819672131147541,0
"548","REF3-1-7",3,2,0.304636097349238,0.165289256198347,0.0683229813664596,0,0.93167701863354,0,0,NA,0,0.93167701863354,0
"549","REF3-1-8",3,2,0.693147180559945,0.5,0.0131578947368421,0,0.986842105263158,0,0,NA,0,0.986842105263158,0
"550","REF3-1-9",3,1,0,0,0.00277008310249307,0.969529085872576,0.0277008310249307,0,0,NA,0,0.0277008310249307,0
"551","Ref4-1-1",10,7,0.0537672933743335,0.0138008096474991,0.934196332254585,0.0323624595469256,0.0323624595469256,0.00107874865156419,NA,0,0.0323624595469256,0,0
"552","Ref4-1-10",6,3,0.566085738959629,0.291666666666667,0.0124740124740125,0,0.987525987525988,0,NA,0.0103950103950104,0.0207900207900208,0.956340956340956,0
"553","Ref4-1-11",8,5,1.13324630897781,0.616257088846881,0.0322128851540616,0.00140056022408964,0.966386554621849,0,NA,0,0.0140056022408964,0.952380952380952,0
"554","Ref4-1-12",7,2,0.636514168294813,0.444444444444444,0.0663716814159292,0.0265486725663717,0.907079646017699,0,NA,0,0.0221238938053097,0.884955752212389,0
"555","Ref4-1-13",7,4,0.670839312918006,0.370562130177515,0.0690571049136786,0.00132802124833997,0.929614873837981,0,NA,0,0.0531208499335989,0.876494023904382,0
"556","Ref4-1-14",7,3,1.09861228866811,0.666666666666667,0.0222222222222222,0.0148148148148148,0.962962962962963,0,NA,0,0.0740740740740741,0.888888888888889,0
"557","Ref4-1-15",5,3,0.566085738959629,0.291666666666667,0.521739130434783,0,0.478260869565217,0,NA,0,0.0434782608695652,0.434782608695652,0
"558","Ref4-1-16",2,1,0,0,0.00101936799184506,0,0.998980632008155,0,NA,0,0,0.998980632008155,0
"559","Ref4-1-17",8,5,1.13324630897781,0.616257088846881,0.0241343126967471,0.0209863588667366,0.954879328436516,0,NA,0,0.0314795383001049,0.923399790136411,0
"560","Ref4-1-18",4,2,0.693147180559945,0.5,0.00497512437810945,0.0248756218905473,0.970149253731343,0,NA,0,0,0.970149253731343,0
"561","Ref4-1-19",6,3,0.016660176117545,0.00423952290153762,0.949596774193548,0.0100806451612903,0.0403225806451613,0,NA,0,0.030241935483871,0.0100806451612903,0
"562","Ref4-1-2",8,7,0.933543824052997,0.468759618344106,0.991304347826087,0.00869565217391304,0,0,NA,0,0,0,0
"563","Ref4-1-20",10,7,0.696583711824366,0.472236686390533,0.968222442899702,0.00198609731876862,0.0297914597815293,0,NA,0,0.0297914597815293,0,0
"564","Ref4-1-3",8,5,0.139001459712887,0.0479373257751929,0.956521739130435,0.0106044538706257,0.0328738069989396,0,NA,0,0.031813361611877,0.00106044538706257,0
"565","Ref4-1-4",6,3,0.758487320581266,0.478668054110302,0.0717592592592593,0.00231481481481481,0.925925925925926,0,NA,0,0.0231481481481481,0.902777777777778,0
"566","Ref4-1-5",6,3,0.089732831064645,0.0327748036830455,0.880159786950732,0.0532623169107856,0.066577896138482,0,NA,0,0.0399467376830892,0.0266311584553928,0
"567","Ref4-1-6",9,5,1.13324630897781,0.616257088846881,0.511111111111111,0.266666666666667,0.222222222222222,0,NA,0,0.222222222222222,0,0
"568","Ref4-1-7",11,5,1.21466134849859,0.658730158730159,0.228260869565217,0.391304347826087,0.380434782608696,0,NA,0.217391304347826,0.16304347826087,0,0
"569","Ref4-1-8",5,2,0.673011667009257,0.48,0.0625,0.025,0.9125,0,NA,0.0125,0,0.9,0
"570","Ref4-1-9",2,1,0,0,0.000999000999000999,0,0.999000999000999,0,NA,0,0,0.999000999000999,0
"571","Ref5-1-1",9,2,0.114665282202906,0.047590719809637,0.482352941176471,0.270588235294118,0.235294117647059,0.0117647058823529,0,0,0.235294117647059,NA,0
"572","Ref5-1-10",14,5,0.994353691762369,0.469387755102041,0.0260707635009311,0.877094972067039,0.0949720670391061,0.00186219739292365,0,0.0186219739292365,0.074487895716946,NA,0
"573","Ref5-1-11",4,3,0.164865453862414,0.0629552549427681,0.861111111111111,0,0.138888888888889,0,0,0,0.138888888888889,NA,0
"574","Ref5-1-12",7,2,0.0555460752688918,0.0196059209881385,0.615853658536585,0.0121951219512195,0.365853658536585,0.00609756097560976,0,0.121951219512195,0.24390243902439,NA,0
"575","Ref5-1-13",8,2,0.693147180559945,0.5,0.00212089077412513,0.955461293743372,0.0424178154825027,0,0,0.031813361611877,0.0106044538706257,NA,0
"576","Ref5-1-14",4,2,0.191444081957717,0.090702947845805,0.403846153846154,0,0.576923076923077,0.0192307692307692,0,0,0.576923076923077,NA,0
"577","Ref5-1-15",11,6,0.988835258329507,0.537708512804448,0.614130434782609,0.277173913043478,0.0543478260869565,0.0543478260869565,0,0,0.0543478260869565,NA,0
"578","Ref5-1-16",8,1,0,0,0.0704225352112676,0.71830985915493,0.211267605633803,0,0,0.0704225352112676,0.140845070422535,NA,0
"579","Ref5-1-17",7,4,0.0664234246616453,0.019671274058099,0.42436974789916,0.561624649859944,0,0.0140056022408964,0,0,0,NA,0
"580","Ref5-1-18",2,1,0,0,0.333333333333333,0,0.666666666666667,0,0,0,0.666666666666667,NA,0
"581","Ref5-1-19",4,3,0.758487320581266,0.478668054110302,0.96875,0,0,0.03125,0,0,0,NA,0
"582","Ref5-1-2",6,3,0.587099572047896,0.346020761245674,0.455357142857143,0.00892857142857143,0.535714285714286,0,0,0.178571428571429,0.357142857142857,NA,0
"583","Ref5-1-20",8,3,0.367649477400142,0.169421487603306,0.231578947368421,0.136842105263158,0.631578947368421,0,0,0,0.631578947368421,NA,0
"584","Ref5-1-3",11,6,0.822290006025008,0.352,0.0788643533123028,0.826498422712934,0.0946372239747634,0,0,0,0.0946372239747634,NA,0
"585","Ref5-1-4",10,6,1.17299347243951,0.533333333333333,0.0691244239631336,0.23963133640553,0.691244239631336,0,0.00460829493087558,0,0.691244239631336,NA,0
"586","Ref5-1-5",9,3,1.05492016798614,0.64,0.37593984962406,0.240601503759398,0.37593984962406,0.0075187969924812,0,0,0,NA,0
"587","Ref5-1-6",3,1,0,0,0.578512396694215,0.00826446280991736,0.413223140495868,0,0,0,0.413223140495868,NA,0
"588","Ref5-1-7",5,0,0,1,0,0.951865222623345,0.0481347773766546,0,0,0.0481347773766546,0,NA,0
"589","Ref5-1-8",4,1,0,0,0.943396226415094,0.0188679245283019,0.0377358490566038,0,0,0.0188679245283019,0.0188679245283019,NA,0
"590","Ref5-1-9",4,2,0.114665282202906,0.047590719809637,0.569444444444444,0.0138888888888889,0.416666666666667,0,0.0138888888888889,0,0.416666666666667,NA,0
"591","Ref7-1-1",6,5,0.681610269052953,0.298611111111111,0.96,0,0.04,0,0.8,0,0.04,0,0
"592","Ref7-1-10",5,5,0.751781930637067,0.3937344250623,1,0,0,0,0.754716981132076,0,0,0,0
"593","Ref7-1-11",9,7,1.18863669829147,0.548340548340548,0.6398891966759,0,0.3601108033241,0,0,0.332409972299169,0.0277008310249307,0,0
"594","Ref7-1-12",8,7,1.10766123102308,0.51685181014378,0.997311827956989,0.00268817204301075,0,0,0,0,0,0.672043010752688,0
"595","Ref7-1-13",6,5,1.41274463686385,0.72189349112426,0.764705882352941,0,0.235294117647059,0,0,0,0.235294117647059,0.294117647058824,0
"596","Ref7-1-14",6,5,0.958852549668795,0.539060432088061,0.398315282791817,0.601684717208183,0,0,0.240673886883273,0,0,0,0
"597","Ref7-1-15",6,5,0.510011942079039,0.232625743645214,0.300699300699301,0.699300699300699,0,0,0.262237762237762,0,0,0,0
"598","Ref7-1-16",11,8,1.20802333699918,0.602756001817144,0.571150097465887,0.350877192982456,0.0779727095516569,0,0.0974658869395712,0,0.0779727095516569,0,0
"599","Ref7-1-17",6,4,0.0368130621837562,0.00991724627278201,0.856534090909091,0.143465909090909,0,0,0.852272727272727,0,0,0,0
"600","Ref7-1-18",7,5,1.0480494669132,0.606608072916667,0.360902255639098,0.639097744360902,0,0,0.112781954887218,0,0,0,0
"601","Ref7-1-19",9,7,0.985968861475185,0.474045488696127,0.828767123287671,0.0342465753424658,0.136986301369863,0,0,0,0.136986301369863,0.00342465753424658,0
"602","Ref7-1-2",9,7,1.25068047284977,0.671344499773653,0.979166666666667,0.0208333333333333,0,0,0,0,0,0,0
"603","Ref7-1-20",9,6,0.962022329760059,0.517151522918536,0.520408163265306,0.343537414965986,0.136054421768707,0,0.00340136054421769,0,0.136054421768707,0.00340136054421769,0
"604","Ref7-1-3",6,5,0.832694209813165,0.454832680669277,0.954954954954955,0,0.045045045045045,0,0.0045045045045045,0,0.045045045045045,0.0045045045045045,0
"605","Ref7-1-4",7,6,0.447528911164188,0.207311149120864,0.998637602179836,0,0.00136239782016349,0,0,0,0.00136239782016349,0.0681198910081744,0
"606","Ref7-1-5",9,7,1.16600336101662,0.635535900104058,0.579439252336449,0.280373831775701,0.14018691588785,0,0.280373831775701,0.14018691588785,0,0,0
"607","Ref7-1-6",7,7,1.34011306522866,0.70631186721367,1,0,0,0,0.00613496932515337,0,0,0.00613496932515337,0
"608","Ref7-1-7",7,6,0.970657615716558,0.545639275752667,0.617590822179732,0.382409177820268,0,0,0.382409177820268,0,0,0,0
"609","Ref7-1-8",7,6,0.830076100369869,0.415637860082305,0.981818181818182,0.0181818181818182,0,0,0,0,0,0.727272727272727,0
"610","Ref7-1-9",8,5,1.22077408493128,0.655636094419862,0.72809667673716,0.151057401812689,0.120845921450151,0,0,0,0.120845921450151,0,0
"611","Ref9-1-1",11,8,0.853190305891126,0.337472607742878,0.0390295358649789,0.959915611814346,0,0.00105485232067511,0.00105485232067511,0,0,0,0
"612","Ref9-1-12",8,4,0.724489439837347,0.503837614100491,0.689530685920578,0.236462093862816,0.0740072202166065,0,0.36101083032491,0,0.0722021660649819,0.00180505415162455,0
"613","Ref9-1-13",11,8,1.47875152464795,0.629757785467128,0.0266457680250784,0.268025078369906,0.705329153605016,0,0.0156739811912226,0,0.705329153605016,0,0
"614","Ref9-1-14",11,7,1.37586355821461,0.68801652892562,0.225641025641026,0.517948717948718,0.256410256410256,0,0.102564102564103,0,0.256410256410256,0,0
"615","Ref9-1-15",14,8,0.79538433155914,0.358379501385041,0.752475247524752,0.0396039603960396,0.198019801980198,0.0099009900990099,0,0,0.198019801980198,0,0
"616","Ref9-1-16",11,8,1.4390021384095,0.664354260608163,0.167870036101083,0.830324909747292,0.00180505415162455,0,0.0902527075812274,0,0,0.00180505415162455,0
"617","Ref9-1-17",10,7,1.14378935772233,0.602469135802469,0.0514285714285714,0.948571428571429,0,0,0.00114285714285714,0,0,0,0
"618","Ref9-1-18",10,7,1.24662065193936,0.621399176954733,0.104854368932039,0.836893203883495,0.058252427184466,0,0.0194174757281553,0,0.058252427184466,0,0
"619","Ref9-1-19",8,3,1.09861228866811,0.666666666666667,0.00869565217391305,0.930434782608696,0.0608695652173913,0,0.00289855072463768,0.00289855072463768,0,0.0579710144927536,0
"620","Ref9-1-2",8,5,0.994353691762369,0.469387755102041,0.145833333333333,0.0104166666666667,0.84375,0,0,0,0.0104166666666667,0.833333333333333,0
"621","Ref9-1-20",4,1,0,0,0.25,0,0.75,0,0,0.25,0.25,0.25,0
"622","Ref9-1-21",6,3,0.566085738959629,0.291666666666667,0.0839160839160839,0.0769230769230769,0.839160839160839,0,0,0,0,0.839160839160839,0
"623","Ref9-1-22",5,3,0.367649477400142,0.169421487603306,0.045643153526971,0,0.954356846473029,0,0,0,0.020746887966805,0.933609958506224,0
"624","Ref9-1-3",9,5,1.6094379124341,0.8,0.138888888888889,0.277777777777778,0.583333333333333,0,0,0.0277777777777778,0.277777777777778,0.277777777777778,0
"625","Ref9-1-4",8,5,0.920376506081497,0.478780864197531,0.96,0.04,0,0,0,0,0,0,0
"626","Ref9-1-5",8,6,0.830076100369869,0.415637860082305,0.964285714285714,0.0357142857142857,0,0,0,0,0,0,0
"627","Ref9-1-6",10,7,1.37586355821461,0.68801652892562,0.785714285714286,0.196428571428571,0.0178571428571429,0,0,0,0,0.0178571428571429,0
"628","Ref9-1-9",7,5,1.09319682472766,0.609877126654064,0.223300970873786,0.776699029126214,0,0,0.0485436893203883,0,0,0,0
"629","Ref11-1-1",8,7,0.378526475734406,0.167269535300217,0.988009592326139,0.0119904076738609,0,0,0.899280575539568,0,0,0,0
"630","Ref11-1-10",3,3,0.509883564887802,0.321807940056844,1,0,0,0,0.798934753661784,0,0,0,0
"631","Ref11-1-11",8,3,1.09861228866811,0.666666666666667,0.0160427807486631,0.0106951871657754,0.967914438502674,0.0053475935828877,0,0.962566844919786,0.0053475935828877,0,0
"632","Ref11-1-12",8,5,0.270602845406714,0.103812502050521,0.915764139590854,0.0481347773766546,0.036101083032491,0,0.866425992779783,0,0.0240673886883273,0.0120336943441637,0
"633","Ref11-1-13",8,6,0.942154586826962,0.490715430295033,0.903508771929825,0.0087719298245614,0.087719298245614,0,0,0,0,0.087719298245614,0
"634","Ref11-1-14",6,3,0.663284935489549,0.404521118381915,0.0693739424703892,0.0169204737732657,0.913705583756345,0,0.050761421319797,0,0.0338409475465313,0.879864636209814,0
"635","Ref11-1-15",6,5,0.142355924121272,0.0545170810640028,0.99878640776699,0,0.00121359223300971,0,0.970873786407767,0,0.00121359223300971,0,0
"636","Ref11-1-16",5,4,0.128166888750681,0.0448457454897839,0.998915401301518,0.00108459869848156,0,0,0.976138828633406,0,0,0,0
"637","Ref11-1-17",14,11,0.755458754153437,0.492243278288991,0.626754748142031,0.000825763831544178,0.372419488026424,0,0,0,0.37159372419488,0.000825763831544178,0
"638","Ref11-1-18",9,4,0.793730055158425,0.390532544378698,0.123809523809524,0.00952380952380952,0.580952380952381,0.285714285714286,0.00952380952380952,0.0952380952380952,0.476190476190476,0.00952380952380952,0
"639","Ref11-1-19",4,1,0,0,0.25,0.25,0.5,0,0,0,0.25,0.25,0
"640","Ref11-1-2",9,6,1.13298444709938,0.605366860574217,0.168202764976959,0.0230414746543779,0.808755760368664,0,0.0460829493087558,0,0.00230414746543779,0.806451612903226,0
"641","Ref11-1-20",10,7,1.58930315323052,0.761748958953004,0.338842975206612,0.330578512396694,0.330578512396694,0,0.0413223140495868,0,0.247933884297521,0.0826446280991736,0
"642","Ref11-1-3",3,3,0.0173026719563269,0.00442721520543155,1,0,0,0,0.997782705099778,0,0,0,0
"643","Ref11-1-4",5,4,0.795718819607854,0.446657612796137,0.875776397515528,0.124223602484472,0,0,0,0,0,0,0
"644","Ref11-1-5",4,4,0.429413432711603,0.225865332612223,1,0,0,0,0.872093023255814,0,0,0,0
"645","Ref11-1-6",6,3,0.923840705630872,0.55363321799308,0.944444444444444,0.0138888888888889,0.0416666666666667,0,0.277777777777778,0,0.0277777777777778,0.0138888888888889,0
"646","Ref11-1-7",5,5,0.119533542690488,0.0416905066676602,1,0,0,0,0.978792822185971,0,0,0,0
"647","Ref11-1-8",7,6,0.851148934521911,0.469685902118335,0.986666666666667,0.0133333333333333,0,0,0,0,0,0,0
"648","Ref11-1-9",9,5,1.15759569568489,0.657136105860113,0.63448275862069,0.351724137931034,0.00689655172413793,0.00689655172413793,0,0,0,0.00689655172413793,0
"649","REF13-1-1",8,5,0.164823695205262,0.0613593325868121,0.951612903225806,0.0230414746543779,0.0253456221198157,0,0.921658986175115,0,0.0230414746543779,0.00230414746543779,0
"650","REF13-1-10",5,2,0.304636097349238,0.165289256198347,0.0607734806629834,0,0.939226519337017,0,0.0552486187845304,0.0552486187845304,0.0552486187845304,0,0.453172205438066
"651","REF13-1-11",5,3,0.667560440044352,0.464754727421846,0.996383363471971,0.00180831826401447,0,0.00180831826401447,0.361663652802893,0,0,0,0
"652","REF13-1-12",6,5,0.195864503241862,0.0756251747242737,0.997005988023952,0.0029940119760479,0,0,0.958083832335329,0,0,0,0
"653","REF13-1-13",5,2,0.362210557135449,0.207612456747405,0.354166666666667,0.229166666666667,0.416666666666667,0,0.3125,0,0,0.416666666666667,0
"654","REF13-1-14",6,4,0.793730055158425,0.390532544378698,0.175675675675676,0.0135135135135135,0.810810810810811,0,0.0135135135135135,0,0,0.810810810810811,0
"655","REF13-1-15",8,5,1.15736237356736,0.603783894542722,0.699421965317919,0.00578034682080925,0.294797687861272,0,0.0578034682080925,0.00578034682080925,0,0.289017341040462,0
"656","REF13-1-16",3,2,0.00910202626819452,0.00234741459898546,0.998826291079812,0.00117370892018779,0,0,0.997652582159624,0,0,0,0
"657","REF13-1-17",3,2,0.00804083853445042,0.00203665776148432,0.9989816700611,0.0010183299389002,0,0,0.9979633401222,0,0,0,0
"658","REF13-1-18",6,4,0.530509630230027,0.238185255198488,0.92,0.04,0.04,0,0.04,0,0.04,0,0
"659","REF13-1-19",2,2,0.0139247403728565,0.00383140350941846,1,0,0,0,0.998080614203455,0,0,0,0
"660","REF13-1-2",8,3,0.59088478673646,0.381178683695948,0.686006825938567,0.245733788395904,0.068259385665529,0,0.511945392491468,0,0.068259385665529,0,0
"661","REF13-1-20",5,3,0.024580048083426,0.00662796216377304,0.996688741721854,0.0033112582781457,0,0,0.993377483443709,0,0,0,0
"662","REF13-1-3",6,6,0.236717962977425,0.0849570008062349,1,0,0,0,0.956284153005464,0,0,0,0
"663","REF13-1-4",8,4,0.793730055158425,0.390532544378698,0.288888888888889,0.444444444444444,0.266666666666667,0,0.0222222222222222,0.0222222222222222,0.0222222222222222,0.222222222222222,0
"664","REF13-1-5",2,2,0.0157657602477682,0.00442475700709433,1,0,0,0,0.997782705099778,0,0,0,0
"665","REF13-1-6",3,2,0.00910202626819452,0.00234741459898546,0.998826291079812,0.00117370892018779,0,0,0.997652582159624,0,0,0,0
"666","REF13-1-7",9,5,1.12995869966699,0.615659578178014,0.769709543568465,0.12448132780083,0.103734439834025,0.0020746887966805,0.4149377593361,0,0.103734439834025,0,0
"667","REF13-1-8",5,2,0.142505867392738,0.0624349635796047,0.5,0,0.5,0,0,0.0161290322580645,0.32258064516129,0.161290322580645,0
"668","REF13-1-9",8,3,1.09861228866811,0.666666666666667,0.0405405405405405,0.135135135135135,0.675675675675676,0.148648648648649,0,0,0.27027027027027,0.405405405405405,0
"669","REF14-1-1",5,3,0.190790030927152,0.0853764633228303,0.977178423236514,0,0.0228215767634855,0,0.04149377593361,NA,0.020746887966805,NA,0
"670","REF14-1-10",1,1,0,0,1,0,0,0,1,NA,0,NA,0
"671","REF14-1-11",3,3,0.232529020293136,0.100609418282549,1,0,0,0,0.0421052631578947,NA,0,NA,0
"672","REF14-1-12",4,3,0.295820329105933,0.129855507599925,0.998632010943913,0.00136798905608755,0,0,0.930232558139535,NA,0,NA,0
"673","REF14-1-13",5,4,0.527160204468618,0.325399596831796,0.998011928429424,0.00198807157057654,0,0,0.795228628230616,NA,0,NA,0
"674","REF14-1-14",2,2,0.108471339035916,0.0444214876033058,1,0,0,0,0.977272727272727,NA,0,NA,0
"675","REF14-1-15",1,1,0,0,1,0,0,0,1,NA,0,NA,0
"676","REF14-1-16",3,3,0.598157471661751,0.398878791571833,1,0,0,0,0.725952813067151,NA,0,NA,0
"677","REF14-1-17",2,2,0.175975125097627,0.0814848347668626,1,0,0,0,0.957446808510638,NA,0,NA,0
"678","REF14-1-18",2,2,0.0144024100447533,0.00398404787231943,1,0,0,0,0.998003992015968,NA,0,NA,0
"679","REF14-1-19",3,3,0.0799937312812554,0.028525990250742,1,0,0,0,0.985545335085414,NA,0,NA,0
"680","REF14-1-2",4,3,0.123085736890019,0.0441863401085723,0.998877665544332,0.00112233445566779,0,0,0.976430976430977,NA,0,NA,0
"681","REF14-1-20",3,3,0.164596938556764,0.0719125464658442,1,0,0,0,0.962695547533093,NA,0,NA,0
"682","REF14-1-3",2,2,0.0128660473577622,0.00349649277238129,1,0,0,0,0.998248686514886,NA,0,NA,0
"683","REF14-1-4",3,2,0.296715256583635,0.1596875,0.998751560549313,0.00124843945068664,0,0,0.911360799001249,NA,0,NA,0
"684","REF14-1-5",2,2,0.0144024100447533,0.00398404787231943,1,0,0,0,0.998003992015968,NA,0,NA,0
"685","REF14-1-6",3,3,0.115970768149692,0.0447785063169679,1,0,0,0,0.977130977130977,NA,0,NA,0
"686","REF14-1-7",2,1,0,0,0.988372093023256,0.0116279069767442,0,0,0.988372093023256,NA,0,NA,0
"687","REF14-1-8",3,2,0.598269588585257,0.408163265306122,0.997150997150997,0.00284900284900285,0,0,0.284900284900285,NA,0,NA,0
"688","REF14-1-9",2,2,0.0123090890615174,0.00332224993840002,1,0,0,0,0.998336106489185,NA,0,NA,0
"689","Ref-17-1-1",2,2,0.0604982941023021,0.0217365052529888,1,0,0,0,0.989010989010989,0,0,NA,0
"690","Ref-17-1-10",3,3,0.679940255789835,0.443529949702789,1,0,0,0,0.679012345679012,0,0,NA,0
"691","Ref-17-1-11",6,5,0.453203450265556,0.21048046049025,0.978354978354978,0.0216450216450216,0,0,0,0,0,NA,0
"692","Ref-17-1-12",3,3,0.388774193706974,0.194515306122449,1,0,0,0,0.892857142857143,0,0,NA,0
"693","Ref-17-1-13",4,4,0.53961667020954,0.340504541359242,1,0,0,0,0.783475783475783,0,0,NA,0
"694","Ref-17-1-15",5,3,0.622923286009314,0.373345935727788,0.995670995670996,0.00216450216450216,0.00216450216450216,0,0.757575757575758,0,0.00216450216450216,NA,0
"695","Ref-17-1-16",5,3,1.05292256593869,0.634920634920635,0.873180873180873,0.00207900207900208,0.124740124740125,0,0,0,0,NA,0.11090573012939
"696","Ref-17-1-17",2,2,0.00866032199026937,0.00221729216889344,1,0,0,0,0.998890122086571,0,0,NA,0
"697","Ref-17-1-18",4,4,0.976890154512009,0.564342466770624,1,0,0,0,0,0,0,NA,0
"698","Ref-17-1-2",1,1,0,0,1,0,0,0,1,0,0,NA,0
"699","Ref-17-1-20",3,3,0.399040985945655,0.231680211479892,1,0,0,0,0,0,0,NA,0
"700","Ref-17-1-3",3,2,0.0144024100447533,0.00398404787231943,0.769585253456221,0,0.230414746543779,0,0.768049155145929,0,0,NA,0.187265917602996
"701","Ref-17-1-4",5,3,0.189683136438979,0.0747041420118345,0.559139784946237,0,0.440860215053763,0,0,0.43010752688172,0,NA,0.0106382978723404
"702","Ref-17-1-5",4,3,0.727387629175803,0.411522633744856,0.9,0,0.1,0,0,0,0.1,NA,0
"703","Ref-17-1-6",8,5,1.02617134226404,0.606025967039953,0.918138041733547,0.0497592295345104,0.0321027287319422,0,0,0.0321027287319422,0,NA,0
"704","Ref-17-1-7",3,3,0.735621939758795,0.40625,1,0,0,0,0.125,0,0,NA,0
"705","Ref-17-1-8",2,1,0,0,0.952380952380952,0,0.0476190476190476,0,0,0,0,NA,0.0454545454545455
"706","Ref-17-1-9",3,2,0.250074031466246,0.127835447904652,0.999020568070519,0,0.000979431929480901,0,0,0,0.000979431929480901,NA,0
"707","REF-20-1-1",3,3,0.572492165760623,0.378767128169672,1,0,0,0,0.252270433905146,NA,NA,0,0
"708","REF-20-1-10",2,2,0.206192050633232,0.0997229916897509,1,0,0,0,0.947368421052632,NA,NA,0,0
"709","REF-20-1-11",2,0,0,1,0,0.01,0.99,0,0,NA,NA,0.99,0
"710","REF-20-1-12",2,1,0,0,0.98,0.02,0,0,0,NA,NA,0,0
"711","REF-20-1-13",8,2,0.598269588585257,0.408163265306122,0.0699300699300699,0.72027972027972,0.1998001998002,0.00999000999000999,0,NA,NA,0.1998001998002,0
"712","REF-20-1-14",4,3,0.0624089186407724,0.0196549357906088,0.201596806387226,0.798403193612774,0,0,0.000998003992015968,NA,NA,0,0
"713","REF-20-1-15",2,1,0,0,0.99,0,0,0.01,0,NA,NA,0,0
"714","REF-20-1-16",2,2,0.0560015343548473,0.0198,1,0,0,0,0.99,NA,NA,0,0
"715","REF-20-1-17",4,2,0.636514168294813,0.444444444444444,0.374531835205993,0.00124843945068664,0.624219725343321,0,0.124843945068664,NA,NA,0.624219725343321,0
"716","REF-20-1-18",5,1,0,0,0.000997008973080758,0.0119641076769691,0.98703888334995,0,0,NA,NA,0.98703888334995,0
"717","REF-20-1-19",4,3,0.357591270730593,0.1818,0.999000999000999,0,0,0.000999000999000999,0.0899100899100899,NA,NA,0,0
"718","REF-20-1-2",3,2,0.111474023452228,0.0459515570934257,0.85,0.15,0,0,0.83,NA,NA,0,0
"719","REF-20-1-20",5,3,0.191946702982512,0.0781552902765025,0.997983870967742,0.00100806451612903,0,0.00100806451612903,0.030241935483871,NA,NA,0,0
"720","REF-20-1-3",4,3,0.747312276838187,0.503868280103154,0.0709290709290709,0.929070929070929,0,0,0,NA,NA,0,0
"721","REF-20-1-4",5,2,0.636514168294813,0.444444444444444,0.03,0.95,0,0.02,0.02,NA,NA,0,0
"722","REF-20-1-5",3,2,0.206192050633232,0.0997229916897509,0.998948475289169,0.0010515247108307,0,0,0.946372239747634,NA,NA,0,0
"723","REF-20-1-6",1,0,0,1,0,0,1,0,0,NA,NA,1,0
"724","REF-20-1-7",3,3,0.445981228516748,0.231568998109641,1,0,0,0,0.869565217391304,NA,NA,0,0
"725","REF-20-1-8",4,3,0.150769257468534,0.0644468313641245,0.989373007438895,0,0,0.0106269925611052,0.00106269925611052,NA,NA,0,0
"726","REF-20-1-9",4,2,0.693147180559945,0.5,0.79136690647482,0.20863309352518,0,0,0.39568345323741,NA,NA,0,0
"727","REF-21-1-1",3,2,0.00833837577219509,0.00212313985280299,0.959225280326198,0.0407747196738022,0,0,NA,NA,NA,NA,0
"728","REF-21-1-10",4,4,0.496080179306955,0.240999981259722,1,0,0,0,NA,NA,NA,NA,0
"729","REF-21-1-11",3,2,0.248910279352785,0.127066115702479,0.998864926220204,0.00113507377979569,0,0,NA,NA,NA,NA,0
"730","REF-21-1-12",3,2,0.00833837577219509,0.00212313985280299,0.989484752891693,0.010515247108307,0,0,NA,NA,NA,NA,0
"731","REF-21-1-13",2,1,0,0,0.999000999000999,0.000999000999000999,0,0,NA,NA,NA,NA,0
"732","REF-21-1-14",3,2,0.00796993927716326,0.00201612697934284,0.99000999000999,0.00999000999000999,0,0,NA,NA,NA,NA,0
"733","REF-21-1-15",2,1,0,0,0.75,0.25,0,0,NA,NA,NA,NA,0
"734","REF-21-1-16",3,3,0.221754280447947,0.0917107583774252,1,0,0,0,NA,NA,NA,NA,0
"735","REF-21-1-17",3,1,0,0,0.966702470461869,0.033297529538131,0,0,NA,NA,NA,NA,0
"736","REF-21-1-18",5,3,0.85158425391957,0.54421768707483,0.0275590551181102,0.97244094488189,0,0,NA,NA,NA,NA,0
"737","REF-21-1-19",2,1,0,0,0.98989898989899,0.0101010101010101,0,0,NA,NA,NA,NA,0
"738","REF-21-1-2",2,2,0.336495757583516,0.188365650969529,1,0,0,0,NA,NA,NA,NA,0
"739","REF-21-1-20",3,2,0.371776179943453,0.21491045397751,0.98989898989899,0.0101010101010101,0,0,NA,NA,NA,NA,0
"740","REF-21-1-3",3,2,0.0560015343548473,0.0198,0.999000999000999,0.000999000999000999,0,0,NA,NA,NA,NA,0
"741","REF-21-1-4",4,2,0.0579075174881343,0.0206163194444444,0.968718466195762,0.0312815338042381,0,0,NA,NA,NA,NA,0
"742","REF-21-1-5",3,2,0.0988243018926907,0.0395877971635548,0.99,0.01,0,0,NA,NA,NA,NA,0
"743","REF-21-1-6",3,3,0.354404851173428,0.178402646502835,1,0,0,0,NA,NA,NA,NA,0
"744","REF-21-1-7",2,1,0,0,0.99,0.01,0,0,NA,NA,NA,NA,0
"745","REF-21-1-8",4,4,0.33657059008232,0.152562279128072,1,0,0,0,NA,NA,NA,NA,0
"746","REF-21-1-9",3,3,0.0185640133497733,0.00479902459319526,1,0,0,0,NA,NA,NA,NA,0
