PLOT_CODE,RIVER,CARELYN,IRISPSE,LYTHSAL,PHALARU,TYPHGLA,ELEVATION,KM_UPRIVER
01-001-1-1,Fraser,NA,NA,NA,NA,0,NA,0.44
01-001-1-2,Fraser,NA,NA,NA,NA,0,NA,0.44
01-001-1-3,Fraser,NA,NA,NA,NA,0,NA,0.44
01-003-A-2-1,Fraser,NA,NA,NA,NA,0,0.261447,24.56
01-003-A-2-2,Fraser,NA,NA,NA,NA,NA,0.393227,24.56
01-003-A-2-3,Fraser,NA,NA,NA,NA,NA,-0.02978,24.56
01-003-A-2-4,Fraser,NA,NA,NA,NA,NA,0.040111,24.56
01-003-A-2-5,Fraser,NA,NA,NA,NA,NA,0.158774,24.56
01-003-B-1-1,Fraser,0,5.9829,0,3.4188,0,1.330323935,24.43
01-003-B-1-2,Fraser,45.1613,0,3.2258,0,0,0.876319528,24.43
01-003-B-1-3,Fraser,9.7826,0,21.7391,0,0,1.150216222,24.43
01-003-B-1-4,Fraser,51.1945,0,0,1.3652,0,1.288917065,24.43
01-003-B-1-5,Fraser,2.1739,0,0,10.8696,0,1.290433288,24.43
01-003-B-1-6,Fraser,0.6993,0,0,5.5944,0,1.209460139,24.43
01-003-B-1-7,Fraser,12.2951,0,16.3934,0,0,1.210000038,24.43
01-003-B-2-1,Fraser,0,0,0,0,0,0.859675467,24.43
01-003-B-2-2,Fraser,12.6984,0,6.3492,0,0,1.009783745,24.43
01-003-B-2-3,Fraser,0,0,2.5641,0,0,0.569351196,24.43
01-008-1-01,Fraser,0,NA,0.7634,0,70.229,1.13994503,21.42
01-008-1-02,Fraser,0,NA,20.1835,0,0,1.049945235,21.42
01-008-1-03,Fraser,0,NA,0,0,0,1.200000048,21.42
01-008-1-04,Fraser,84.507,NA,1.8779,0,0,0.950054407,21.42
01-008-1-05,Fraser,0,NA,2.381,0,0,1.469779491,21.42
01-008-1-06,Fraser,0,NA,12.0482,0,0,1.100000024,21.42
01-008-1-07,Fraser,0,NA,0,0,0,1.159944654,21.42
01-008-1-08,Fraser,0,NA,6.8966,0,0,0.93005383,21.42
01-008-1-09,Fraser,0,NA,0,0,0,1.200330377,21.42
01-008-1-10,Fraser,0.9259,NA,0,0,0,1.080000043,21.42
01-008-1-11,Fraser,0,NA,1.7241,0,0,0.959671855,21.42
01-008-1-12,Fraser,0,NA,0,0,0,1.119944692,21.42
01-008-1-13,Fraser,0,NA,2.7778,0,0,1.080164075,21.42
01-008-1-14,Fraser,41.5584,NA,0,0,0,1.080108285,21.42
01-008-1-15,Fraser,10.8696,NA,0,0,0,0.970107675,21.42
01-008-1-16,Fraser,0,NA,0,0,0,1.049945951,21.42
01-008-1-17,Fraser,0,NA,0,0,0,1.320055127,21.42
01-008-1-18,Fraser,0,NA,2.9126,0.9709,0,1.109834552,21.42
01-008-1-19,Fraser,0,NA,0,2.3392,0,1.060054779,21.42
01-008-1-20,Fraser,6.25,NA,7.5,0,0,1.000054479,21.42
02-001-1-10,Fraser,NA,0,NA,0,0,1.070034266,10.46
02-001-1-13,Fraser,NA,0,NA,0,0,1.099979281,10.46
02-001-1-14,Fraser,NA,0,NA,0,0,1.219967484,10.46
02-001-1-16,Fraser,NA,0,NA,0,0,0.900076091,10.46
02-001-1-2,Fraser,NA,0,NA,0,0,0.790003538,10.46
02-001-1-20,Fraser,NA,0,NA,0,0,0.800013542,10.46
02-001-1-21,Fraser,NA,0,NA,0,0,1.129989505,10.46
02-001-1-22,Fraser,NA,0,NA,0,0,0.920010686,10.46
02-001-1-23,Fraser,NA,0,NA,0,0,0.99000001,10.46
02-001-1-24,Fraser,NA,35.2941,NA,0,0,1.009994626,10.46
02-001-1-25,Fraser,NA,0,NA,0,0,1.130012631,10.46
02-001-1-26,Fraser,NA,0,NA,0,0,0.839960694,10.46
02-001-1-27,Fraser,NA,0,NA,0,0,1.069963098,10.46
02-001-1-28,Fraser,NA,0,NA,0,0,1.00999999,10.46
02-001-1-29,Fraser,NA,0,NA,0,0,0.980033815,10.46
02-001-1-3,Fraser,NA,0,NA,0,0,0.740012884,10.46
02-001-1-33,Fraser,NA,0,NA,0,0,0.710033298,10.46
02-001-1-36,Fraser,NA,0,NA,0,0,0.880021036,10.46
02-001-1-37,Fraser,NA,0,NA,0,0,1.129973412,10.46
02-001-1-38,Fraser,NA,0,NA,0,0,0.680007041,10.46
02-001-1-4,Fraser,NA,0,NA,50,0,0.400024146,10.46
02-001-1-40,Fraser,NA,0,NA,0,0,0.660033345,10.46
02-001-1-5,Fraser,NA,0,NA,0,0,1.009995341,10.46
02-001-1-6,Fraser,NA,0,NA,0,0,1.099995375,10.46
02-001-1-7,Fraser,NA,0,NA,0,0,1.150019526,10.46
02-001-2-1,Fraser,NA,0,NA,0,0,0.630083561,10.46
02-001-2-11,Fraser,NA,0,NA,0,0,0.490007281,10.46
02-001-2-15,Fraser,NA,0,NA,0,0,0.47999236,10.46
02-001-2-17,Fraser,NA,0,NA,0,0,0.53000927,10.46
02-001-2-18,Fraser,NA,0,NA,0,0,0.640004337,10.46
02-001-2-30,Fraser,NA,0,NA,0,0,0.569998026,10.46
02-001-2-34,Fraser,NA,0,NA,0,0,0.450004041,10.46
02-001-2-35,Fraser,NA,0,NA,0,0,0.389959484,10.46
02-001-2-39,Fraser,NA,0,NA,0,0,0.420049936,10.46
02-001-2-8,Fraser,NA,0,NA,0,0,0.410063028,10.46
02-001-2-9,Fraser,NA,0,NA,0,0,0.059999999,10.46
02-001-3-1,Fraser,NA,NA,NA,NA,NA,0.680030465,10.46
02-001-3-15,Fraser,NA,0,NA,0,0,0.580040932,10.46
02-001-3-2,Fraser,NA,NA,NA,NA,NA,0.760023236,10.46
02-001-3-3,Fraser,NA,NA,NA,NA,NA,0.560043454,10.46
02-001-3-31,Fraser,NA,31.5789,NA,0,0,1.050044537,10.46
02-001-3-4,Fraser,NA,0,NA,0,0,0.840057075,10.46
02-001-3-5,Fraser,NA,0,NA,0,0,0.850038469,10.46
02-001-3-6,Fraser,NA,0,NA,0,0,0.690098405,10.46
02-001-3-7,Fraser,NA,0,NA,0.8197,0,0.520121753,10.46
02-001-3-8,Fraser,NA,0,NA,0,0,1.010062337,10.46
02-002-1-01,Fraser,44.0529,0,1.7621,0,0,1.169999957,12.36
02-002-1-02,Fraser,0,0,23.5294,0,0,1.179999948,12.36
02-002-1-03,Fraser,19.0476,0,0,0,0,1.190000057,12.36
02-002-1-04,Fraser,0,14.7368,0,0,0,1.330000043,12.36
02-002-1-05,Fraser,0,0,25,0,0,1.149999976,12.36
02-002-1-06,Fraser,3.6036,0,7.2072,0,0,1.200000048,12.36
02-002-1-07,Fraser,20.4819,0,0,0,0,1.220000029,12.36
02-002-1-08,Fraser,45.5696,0,0,2.5316,0,0.920000017,12.36
02-002-1-09,Fraser,0,0,0,0,0,1.129999995,12.36
02-002-1-10,Fraser,11.3636,0,0,0,0,0.589999974,12.36
02-002-1-11,Fraser,4,0,13.3333,9.3333,0,1.200000048,12.36
02-002-1-12,Fraser,34.8718,0,4.1026,0,0,1.24000001,12.36
02-002-1-13,Fraser,10.989,0,13.1868,0,0,0.879999995,12.36
02-002-1-14,Fraser,0,0,0,0,0,0.899999976,12.36
02-002-1-15,Fraser,0,0,0,0,0,1.25999999,12.36
02-003-A-1-1,Fraser,0,0,3.8462,0,0,1.190000057,13.05
02-003-A-1-10,Fraser,1.2903,0,29.6774,0,0,1.25999999,13.05
02-003-A-1-11,Fraser,50.3876,0,0,0,0,1.090000033,13.05
02-003-A-1-12,Fraser,72.0339,3.3898,5.9322,1.6949,0,1.549999952,13.05
02-003-A-1-13,Fraser,42.5532,0,0,2.5532,0,1.220000029,13.05
02-003-A-1-14,Fraser,51.3834,0,3.9526,0,0,1.379999995,13.05
02-003-A-1-15,Fraser,50.1845,0,14.7601,0.738,0,1.909999967,13.05
02-003-A-1-2,Fraser,0,0,0,7.5269,0,1.149999976,13.05
02-003-A-1-3,Fraser,31.9527,0,17.7515,0,0,1.429999948,13.05
02-003-A-1-4,Fraser,32.3529,0,14.7059,0,0,1.25999999,13.05
02-003-A-1-5,Fraser,0.5051,0,26.2626,0,0,1.049999952,13.05
02-003-A-1-6,Fraser,65.9341,0,5.4945,0,0,1.200000048,13.05
02-003-A-1-7,Fraser,36.9863,0,0,0,0,0.769999981,13.05
02-003-A-1-8,Fraser,1.1834,0,9.4675,0,0,1.039999962,13.05
02-003-A-1-9,Fraser,60.241,0,0,1.2048,0,0.939999998,13.05
02-003-B-1-1,Fraser,NA,NA,20.8333,NA,69.4444,0.939999998,14.26
02-003-B-1-10,Fraser,NA,NA,29.2683,NA,0,0.949999988,14.26
02-003-B-1-11,Fraser,NA,NA,46.6102,NA,0,1.190000057,14.26
02-003-B-1-2,Fraser,NA,NA,0,NA,0,1.210000038,14.26
02-003-B-1-3,Fraser,NA,NA,55.5556,NA,0,0.430000007,14.26
02-003-B-1-4,Fraser,NA,NA,20,NA,0,1.230000019,14.26
02-003-B-1-5,Fraser,NA,NA,0,NA,25.7576,1.25,14.26
02-003-B-1-6,Fraser,NA,NA,12.5,NA,0,1.169999957,14.26
02-003-B-1-7,Fraser,NA,NA,21.0526,NA,0,0.589999974,14.26
02-003-B-1-8,Fraser,NA,NA,0,NA,0,1.200000048,14.26
02-003-B-1-9,Fraser,NA,NA,2.2989,NA,2.2989,0.99000001,14.26
02-003-B-2-1,Fraser,NA,NA,0,NA,27.5862,1.139999986,14.26
02-003-B-2-2,Fraser,NA,NA,0,NA,0,1.080000043,14.26
02-003-B-2-3,Fraser,NA,NA,7.2727,NA,0,0.349999994,14.26
02-003-B-2-4,Fraser,NA,NA,3.1746,NA,0,0.370000005,14.26
02-003-B-2-5,Fraser,NA,NA,30.5085,NA,0,0.449999988,14.26
02-005-A-1-01,Fraser,NA,NA,5.5556,0,0,1.220000029,15.83
02-005-A-1-02,Fraser,NA,NA,1.8957,1.8957,0,0.469999999,15.83
02-005-A-1-03,Fraser,NA,NA,0,0.4202,0,0.790000021,15.83
02-005-A-1-04,Fraser,NA,NA,2.7523,0,0,0.680000007,15.83
02-005-A-1-05,Fraser,NA,NA,3.2086,0,0,0.649999976,15.83
02-005-A-1-06,Fraser,NA,NA,0.9709,0,0,0.689999998,15.83
02-005-A-1-07,Fraser,NA,NA,1.0101,0,0,0.970000029,15.83
02-005-A-1-08,Fraser,NA,NA,1.4184,0,0,0.819999993,15.83
02-005-A-1-09,Fraser,NA,NA,4.1026,0,0,0.800000012,15.83
02-005-A-1-10,Fraser,NA,NA,12.0301,3.0075,0,0.959999979,15.83
02-005-A-2-01,Fraser,NA,NA,4.7619,0,0,0.689999998,15.83
02-005-A-2-02,Fraser,NA,NA,0,0,0,0.610000014,15.83
02-005-A-2-03,Fraser,NA,NA,0,0,0,0.560000002,15.83
02-005-A-2-04,Fraser,NA,NA,0,0,0,0.529999971,15.83
02-005-A-2-05,Fraser,NA,NA,3.7037,3.7037,0,0.600000024,15.83
02-005-B-1-1,Fraser,NA,NA,0,2.4096,0,0.689999998,15.97
02-005-B-1-2,Fraser,NA,NA,0,0,0,0.699999988,15.97
02-005-B-1-3,Fraser,NA,NA,0,1.0204,0,0.699999988,15.97
02-005-B-1-4,Fraser,NA,NA,1.3072,0,0,0.649999976,15.97
02-005-B-1-5,Fraser,NA,NA,0,0,0,0.620000005,15.97
02-005-B-1-6,Fraser,NA,NA,0,0,0,0.510007024,15.97
02-005-B-1-7,Fraser,NA,NA,0.9852,0,0,0.760030866,15.97
02-005-B-1-8,Fraser,NA,NA,3.5088,0,0,0.100036301,15.97
02-005-B-1-9,Fraser,NA,NA,8.1301,0,0,0.660000026,15.97
02-005-B-2-1,Fraser,NA,NA,0,0,0,0.350015283,15.97
02-005-B-2-2,Fraser,NA,NA,0,0,0,0.709999979,15.97
02-005-B-2-3,Fraser,NA,NA,0,0,0,0.569999993,15.97
02-005-B-2-4,Fraser,NA,NA,0,0,0,0.529999971,15.97
02-005-B-2-5,Fraser,NA,NA,0,0,0,0.039999999,15.97
02-005-B-2-6,Fraser,NA,NA,10.989,1.0989,0,0.629999995,15.97
02-005-C-1-1,Fraser,NA,NA,0,0,0,0.71000886,16.05
02-005-C-1-2,Fraser,NA,NA,0,57.4713,0,0.770012319,16.05
02-005-C-1-3,Fraser,NA,NA,0,0,0,0.450031579,16.05
02-005-C-1-4,Fraser,NA,NA,1.4388,0,0,0.890033901,16.05
02-005-C-1-5,Fraser,NA,NA,1.2987,0,0,0.690018475,16.05
02-005-C-1-6,Fraser,NA,NA,0,0,0,0.630003929,16.05
02-005-C-1-7,Fraser,NA,NA,0,0,0,0.410067677,16.05
02-005-C-1-8,Fraser,NA,NA,0,0,0,0.610029221,16.05
02-005-C-2-1,Fraser,NA,NA,0,0,0,0.340015143,16.05
02-005-C-2-2,Fraser,NA,NA,0,0,0,0.490016073,16.05
02-005-C-2-3,Fraser,NA,NA,0,0,0,0.320067942,16.05
02-005-C-2-4,Fraser,NA,NA,0,0,0,0.560004592,16.05
02-005-C-2-5,Fraser,NA,NA,3.5714,0,0,0.46005249,16.05
02-005-D-1-1,Fraser,NA,NA,0,100,0,0.27011472,16.14
02-005-D-1-2,Fraser,NA,NA,1.0471,0,0,0.780055881,16.14
02-005-D-1-3,Fraser,NA,NA,0.5525,0,0,-0.099860348,16.14
02-005-D-1-4,Fraser,NA,NA,0,0,0,0.660036504,16.14
02-005-D-1-5,Fraser,NA,NA,2.5316,0,0,0.790036798,16.14
02-005-D-1-6,Fraser,NA,NA,0,0,0,0.590037942,16.14
02-005-D-2-1,Fraser,NA,NA,0,1.0753,0,0.500084817,16.14
02-005-D-2-2,Fraser,NA,NA,0,0,0,0.220099539,16.14
02-005-D-2-3,Fraser,NA,NA,0,0,0,-0.059824049,16.14
02-005-E-1-01,Fraser,0,NA,0.9174,NA,0,0.820082903,16.22
02-005-E-1-02,Fraser,37.6569,NA,0,NA,0,0.700086117,16.22
02-005-E-1-03,Fraser,0,NA,0,NA,0,0.5201177,16.22
02-005-E-1-04,Fraser,83.7004,NA,0,NA,0,0.780088246,16.22
02-005-E-1-05,Fraser,81.6327,NA,0,NA,0,0.840070307,16.22
02-005-E-1-06,Fraser,21.8623,NA,0,NA,0,0.930039942,16.22
02-005-E-1-07,Fraser,64.5161,NA,0,NA,0,0.810203373,16.22
02-005-E-1-08,Fraser,1.6393,NA,0,NA,0,0.620174944,16.22
02-005-E-1-09,Fraser,0,NA,2.2857,NA,0,1.05010283,16.22
02-005-E-1-10,Fraser,55.1181,NA,1.5748,NA,0,0.970054924,16.22
02-005-E-1-11,Fraser,81.1966,NA,0,NA,0,0.860083997,16.22
02-005-E-1-12,Fraser,63.745,NA,0,NA,0,0.890150249,16.22
02-007-A-1-1,Fraser,NA,NA,0,0,0,0.860000014,12.4
02-007-A-1-10,Fraser,NA,NA,11.5385,0,0,0.790000021,12.4
02-007-A-1-2,Fraser,NA,NA,2.5424,0,0,0.790000021,12.4
02-007-A-1-3,Fraser,NA,NA,0,0,0,0.99000001,12.4
02-007-A-1-4,Fraser,NA,NA,1.6461,0,0,0.860000014,12.4
02-007-A-1-5,Fraser,NA,NA,0,0,0,1.210000038,12.4
02-007-A-1-6,Fraser,NA,NA,0,0,0,0.860000014,12.4
02-007-A-1-7,Fraser,NA,NA,2.439,12.1951,0,1.269999981,12.4
02-007-A-1-8,Fraser,NA,NA,0,0,0,0.980000019,12.4
02-007-A-1-9,Fraser,NA,NA,15.625,0,0,0.860000014,12.4
02-007-A-2-1,Fraser,NA,NA,0,0,0,0.460000008,12.4
02-007-A-2-2,Fraser,NA,NA,4.4444,0,0,0,12.4
02-007-A-2-3,Fraser,NA,NA,0,0,0,0.49000001,12.4
02-007-A-2-4,Fraser,NA,NA,0,0,0,0.439999998,12.4
02-007-A-2-5,Fraser,NA,NA,0,0,0,0.360000014,12.4
02-007-B-1-1,Fraser,NA,0,6.9869,0,0,0.779999971,12.67
02-007-B-1-10,Fraser,NA,0,0,0,0,0.790000021,12.67
02-007-B-1-2,Fraser,NA,0,0,0,0,0.629999995,12.67
02-007-B-1-3,Fraser,NA,0,0,0,0,0.529999971,12.67
02-007-B-1-4,Fraser,NA,1.9608,0,0,0,0.300000012,12.67
02-007-B-1-5,Fraser,NA,0,0,9.6774,0,0.649999976,12.67
02-007-B-1-6,Fraser,NA,0,6.4,0,0,0.540000021,12.67
02-007-B-1-7,Fraser,NA,0,0,43.8596,0,0.889999986,12.67
02-007-B-1-8,Fraser,NA,0,0,0,0,0.829999983,12.67
02-007-B-1-9,Fraser,NA,0,26.3158,0,0,0.589999974,12.67
02-007-B-2-1,Fraser,NA,0,0,0,0,0.469999999,12.67
02-007-B-2-2,Fraser,NA,0,0,0,0,0.370000005,12.67
02-007-B-2-3,Fraser,NA,0,3.3898,0,0,0.430000007,12.67
02-007-C-1-1,Fraser,59.1398,NA,10.7527,NA,0,1.139999986,12.8
02-007-C-1-10,Fraser,38.0623,NA,0,NA,0,1.090000033,12.8
02-007-C-1-2,Fraser,63.8298,NA,0,NA,0,1.129999995,12.8
02-007-C-1-3,Fraser,34.0909,NA,0,NA,0,1.169999957,12.8
02-007-C-1-4,Fraser,57.8313,NA,3.6145,NA,0,0.99000001,12.8
02-007-C-1-5,Fraser,59.2179,NA,4.4693,NA,0,0.939999998,12.8
02-007-C-1-6,Fraser,69.6721,NA,12.2951,NA,0,1.100000024,12.8
02-007-C-1-7,Fraser,74.7664,NA,0,NA,0,1.110000014,12.8
02-007-C-1-8,Fraser,36.8664,NA,6.4516,NA,0,0.800000012,12.8
02-007-C-1-9,Fraser,13.0769,NA,6.1538,NA,0,0.800000012,12.8
02-007-C-2-1,Fraser,0,NA,0,NA,0,0.449999988,12.8
02-007-C-2-2,Fraser,0,NA,10,NA,0,0.189999998,12.8
02-007-C-2-3,Fraser,0,NA,4,NA,0,0.479999989,12.8
02-007-C-2-4,Fraser,0,NA,0,NA,0,0.349999994,12.8
02-007-C-2-5,Fraser,0,NA,0,NA,0,0.140000001,12.8
02-007-C-2-6,Fraser,0,NA,0,NA,0,0.270000011,12.8
02-009-1-1,Fraser,NA,NA,3.1579,8.4211,0,1.649904609,8.03
02-009-1-2,Fraser,NA,NA,2.8037,0,0,0.989957392,8.03
02-009-1-3,Fraser,NA,NA,0,64.1509,0,1.639977336,8.03
02-009-1-4,Fraser,NA,NA,2.5974,0,0,1.390022635,8.03
02-009-1-5,Fraser,NA,NA,0,1.0526,0,1.419896007,8.03
02-009-1-6,Fraser,NA,NA,5.4545,0,0,1.009953737,8.03
02-009-1-7,Fraser,NA,NA,0,0,0,1.029976726,8.03
02-009-2-1,Fraser,NA,NA,0,0,0,0.549956918,8.03
02-009-2-2,Fraser,NA,NA,0,0,0,0.549966812,8.03
02-009-2-3,Fraser,NA,NA,0,0,0,0.149959326,8.03
02-009-2-4,Fraser,NA,NA,3.4483,0,0,0.329958618,8.03
02-009-2-5,Fraser,NA,NA,5.2632,0,0,0.370010346,8.03
02-009-2-6,Fraser,NA,NA,0,0,0,0.369990021,8.03
02-009-2-7,Fraser,NA,NA,9.0909,0,0,0.370000005,8.03
02-009-2-8,Fraser,NA,NA,9.0909,0,0,0.279953063,8.03
02-009-3-1,Fraser,NA,NA,3.2432,0,0,0.589968562,8.03
02-009-3-2,Fraser,NA,NA,1.0363,0,0,0.449948549,8.03
02-009-3-3,Fraser,NA,NA,2.1505,0,0,0.529947639,8.03
02-011-1-01,Fraser,99.6016,NA,0.1328,0,0.1328,1.25,8.48
02-011-1-02,Fraser,90.7029,NA,0,0,9.0703,0.81,8.48
02-011-1-03,Fraser,94.4444,NA,0,0,0,0.57,8.48
02-011-1-04,Fraser,97.7199,NA,0,0,0,1.02,8.48
02-011-1-05,Fraser,75,NA,0,5,0,1.29,8.48
02-011-1-06,Fraser,100,NA,0,0,0,1.2,8.48
02-011-1-07,Fraser,99.8573,NA,0,0,0,0.49,8.48
02-011-1-08,Fraser,98.9011,NA,0,0,0,0.95,8.48
02-011-1-09,Fraser,50,NA,0,0,0,1.08,8.48
02-011-1-10,Fraser,45.045,NA,0,0,0,0.72,8.48
02-011-1-11,Fraser,99.889,NA,0,0,0,1.04,8.48
02-011-1-12,Fraser,1.9608,NA,0,0,39.2157,0.99,8.48
02-011-1-13,Fraser,94.4444,NA,0,0,0,0.91,8.48
02-011-1-14,Fraser,49.3827,NA,0,1.2346,24.6914,0.91,8.48
02-011-1-15,Fraser,97.561,NA,0,0,0,0.76,8.48
02-011-1-16,Fraser,83.3333,NA,0,0,0,0.99,8.48
02-011-1-17,Fraser,83.3333,NA,0,0,0,0.85,8.48
02-011-1-18,Fraser,99.0099,NA,0,0,0,0.88,8.48
02-011-1-19,Fraser,97.1503,NA,0,0,0.1295,0.41,8.48
02-011-1-20,Fraser,100,NA,0,0,0,1.09,8.48
02-012-2-2,Fraser,NA,NA,NA,NA,NA,2.92,10.32
02-012-2-3,Fraser,NA,NA,NA,NA,NA,2.98,10.32
02-012-2-4,Fraser,NA,NA,NA,NA,NA,1.53,10.32
02-012-2-6,Fraser,NA,NA,NA,NA,0,0.92,10.32
02-012-2-8,Fraser,NA,NA,NA,NA,NA,2.11,10.32
02-012-2-9,Fraser,NA,NA,NA,NA,NA,0.499998,10.32
02-013-1-02,Fraser,98.9691,0,0,0,0,0.88,8.37
02-013-1-03,Fraser,99.889,0,0,0,0,0.73,8.37
02-013-1-05,Fraser,98.9583,0,0,0,0,1.34,8.37
02-013-1-06,Fraser,99.5025,0,0,0,0,0.82,8.37
02-013-1-07,Fraser,99.8991,0,0,0,0,1.45,8.37
02-013-1-08,Fraser,99.8613,0,0,0,0,0.87,8.37
02-013-1-09,Fraser,98.7654,0,0,0,0,1.06,8.37
02-013-1-10,Fraser,100,0,0,0,0,1.38,8.37
02-013-1-11,Fraser,99.6678,0,0.1661,0,0,1.07,8.37
02-013-1-19,Fraser,89.5522,0,0,0.2985,0,1.39,8.37
02-013-1-20,Fraser,96.6667,0,0,0,0,1.28,8.37
02-013-2-01,Fraser,0,2.6596,1.3298,1.3298,0,1.35,8.37
02-013-2-04,Fraser,0,0,0,63.9535,0,1.11,8.37
02-013-2-21,Fraser,0.1919,0,0,3.8388,0,NA,8.37
02-013-2-22,Fraser,0,0,0,12.4481,0,1.98,8.37
02-014-1-01,Fraser,NA,NA,0,0,96.4912,0.860007524,8.1
02-014-1-02,Fraser,NA,NA,22.2222,0,74.0741,1.539979935,8.1
02-014-1-03,Fraser,NA,NA,0,0,94.9367,0.979982197,8.1
02-014-1-04,Fraser,NA,NA,6.5934,3.2967,13.1868,1.120078206,8.1
02-014-1-05,Fraser,NA,NA,2.4691,0,49.3827,1.559999943,8.1
02-014-1-06,Fraser,NA,NA,1.9231,0,1.9231,1.099990964,8.1
02-014-1-07,Fraser,NA,NA,17.094,0,56.4103,1.149953604,8.1
02-014-1-08,Fraser,NA,NA,5.5556,0,88.8889,1.510088325,8.1
02-014-1-09,Fraser,NA,NA,0,24.0741,72.2222,0.870015562,8.1
02-014-1-10,Fraser,NA,NA,12.6126,0,54.0541,0.899963856,8.1
02-014-1-11,Fraser,NA,NA,0,0,0,0.599957585,8.1
02-014-1-12,Fraser,NA,NA,0,17.2414,65.5172,1.250090957,8.1
02-014-1-13,Fraser,NA,NA,1.3072,0,98.0392,0.889992774,8.1
02-014-1-14,Fraser,NA,NA,18.1818,0,72.7273,1.119860291,8.1
02-014-1-15,Fraser,NA,NA,1.3423,33.557,29.5302,0.779968441,8.1
02-014-1-16,Fraser,NA,NA,0,39.7059,13.2353,0.72998029,8.1
02-014-1-17,Fraser,NA,NA,1.2987,0,70.1299,1.560019493,8.1
02-014-1-18,Fraser,NA,NA,0,0,92.1053,0.819999993,8.1
02-014-1-19,Fraser,NA,NA,11.1888,16.7832,55.9441,1.480020046,8.1
02-014-1-20,Fraser,NA,NA,4.1237,0,90.7216,1.019940495,8.1
02-015-1-1,Fraser,NA,NA,91.3978,NA,0,0.380011,10.3
02-015-1-2,Fraser,NA,NA,97.2763,NA,0,0.500014,10.3
02-015-1-3,Fraser,NA,NA,35.2113,NA,0,0.640006,10.3
02-015-1-4,Fraser,NA,NA,52.521,NA,0,0.790011,10.3
02-015-1-5,Fraser,NA,NA,97.2763,NA,0,0.689984,10.3
03-001A-1-02,Fraser,99.5025,0,0,0,0,0.32,5.57
03-001A-1-05,Fraser,0,4.717,0,0,0,0.66,5.57
03-001A-1-06,Fraser,94.3396,0,0,0,0,0.65,5.57
03-001A-1-07,Fraser,82.7586,0,0,0,0,1.2,5.57
03-001A-1-10,Fraser,99.889,0,0,0.111,0,1.01,5.57
03-001A-1-12,Fraser,0,0,0,0,0,-0.32,5.57
03-001A-1-14,Fraser,0,71.4286,0,0,0,1.26,5.57
03-001A-1-17,Fraser,93.4579,0,0.9346,0,0,0.66,5.57
03-001A-1-19,Fraser,0.4274,21.3675,0,42.735,0,1.03,5.57
03-001A-1-21,Fraser,0,0,0,0.0996,0,1.42,5.57
03-001A-1-A,Fraser,0,0,0,0,88.8889,0.64,5.57
03-001A-1-B,Fraser,1.5848,0,19.0174,4.7544,0,0.68,5.57
03-001A-1-C,Fraser,99.4924,0.1015,0.1015,0.1015,0,1.02,5.57
03-001B-1-21,Fraser,0,5,0,NA,0,0.59,5.57
03-001B-1-22,Fraser,0,0,0,NA,0,0.5,5.57
03-001B-1-23,Fraser,0,0,0,NA,0,0.26,5.57
03-001B-1-24,Fraser,0,7.7778,0,NA,0,0.62,5.57
03-001B-1-25,Fraser,0,0,0,NA,0,0.05,5.57
03-001B-1-26,Fraser,0,0,0,NA,0,0.24,5.57
03-001B-1-27,Fraser,0,0,0.103,NA,0,0.55,5.57
03-001B-1-28,Fraser,0.111,0,0,NA,0,0.49,5.57
03-001B-1-29,Fraser,0.1189,0,1.1891,NA,0,0.93,5.57
03-001B-1-30,Fraser,0,0,0,NA,0,0.13,5.57
03-002-1-24,Fraser,NA,0,0,0,0,0.540000021,6.09
03-002-1-27,Fraser,NA,0,0,0,0,0.829999983,6.09
03-002-1-28,Fraser,NA,0,0,0,0,0.529999971,6.09
03-002-2-01,Fraser,NA,0,0,0,0,0.200000003,6.09
03-002-2-02,Fraser,NA,0,0,0,0,-0.039999999,6.09
03-002-2-06,Fraser,NA,0,0,0,0,0.02,6.09
03-002-2-09,Fraser,NA,0,0,0,0,-0.029999999,6.09
03-002-2-11,Fraser,NA,0,0,0,0,0.100000001,6.09
03-002-2-13,Fraser,NA,0,0,0,0,0.349999994,6.09
03-002-2-14,Fraser,NA,0,0,0,0,0.039999999,6.09
03-002-2-15,Fraser,NA,0,0,0,0,-0.059999999,6.09
03-002-2-16,Fraser,NA,0,0,0,0,-0.01,6.09
03-002-2-17,Fraser,NA,0,0,0,0,0.039999999,6.09
03-002-2-18,Fraser,NA,0,0,0,0,-0.119999997,6.09
03-002-2-21,Fraser,NA,0,0,0,0,0.209999993,6.09
03-002-2-22,Fraser,NA,0,0,0,0,0.100000001,6.09
03-002-2-30,Fraser,NA,0,0,0,0,0.189999998,6.09
03-002-2-31,Fraser,NA,0,0,0,0,-0.129999995,6.09
03-002-2-32,Fraser,NA,0,0,0,0,-0.02,6.09
03-002-3-03,Fraser,NA,0,5.8394,0,0,1,6.09
03-002-3-07,Fraser,NA,0,2.7972,0,0,0.870000005,6.09
03-002-3-10,Fraser,NA,0,0,0,0,0.800000012,6.09
03-002-3-12,Fraser,NA,0,0,0,0,0.600000024,6.09
03-002-3-15,Fraser,NA,0,0,0,0,0.850000024,6.09
03-002-3-20,Fraser,NA,0,6.0606,0,0,0.899999976,6.09
03-002-3-23,Fraser,NA,1.9048,0,0,0,0.980000019,6.09
03-002-3-26,Fraser,NA,0,6.7797,1.6949,0,0.600000024,6.09
03-002-3-29,Fraser,NA,0,2.8169,0,0,0.660000026,6.09
03-002-3-33,Fraser,NA,0,0,0,0,0.75999999,6.09
03-002-3-35,Fraser,NA,0,0,0,0,0.959999979,6.09
03-002-3-36,Fraser,NA,0,0,0,0,0.579999983,6.09
03-003-1-01,Fraser,NA,0,1.1111,NA,0,0.699999988,6.55
03-003-1-02,Fraser,NA,0,1.0256,NA,0,0.790000021,6.55
03-003-1-03,Fraser,NA,0,1.0929,NA,0,1.200000048,6.55
03-003-1-04,Fraser,NA,0,0,NA,0,1.139999986,6.55
03-003-1-05,Fraser,NA,0,0,NA,0,0.920000017,6.55
03-003-1-06,Fraser,NA,0,1.8519,NA,0,0.949999988,6.55
03-003-1-07,Fraser,NA,0,1.5873,NA,0,0.639999986,6.55
03-003-1-08,Fraser,NA,0,2.4691,NA,0,0.870000005,6.55
03-003-1-09,Fraser,NA,0,2.5478,NA,0,0.479999989,6.55
03-003-1-10,Fraser,NA,5.8252,0,NA,0,0.949999988,6.55
03-003-1-11,Fraser,NA,0,3.5398,NA,0,0.660000026,6.55
03-003-1-12,Fraser,NA,0,0,NA,0,0.660000026,6.55
03-003-1-13,Fraser,NA,0,0.5263,NA,0,0.5,6.55
03-003-1-14,Fraser,NA,0,1.6949,NA,0,0.610000014,6.55
03-003-1-15,Fraser,NA,0,0,NA,0,0.689999998,6.55
03-003-1-16,Fraser,NA,100,0,NA,0,0.899999976,6.55
03-003-2-01,Fraser,NA,0,8,NA,0,-0.170000002,6.55
03-003-2-02,Fraser,NA,0,0,NA,0,-0.07,6.55
03-003-2-03,Fraser,NA,0,0,NA,0,0.289999992,6.55
03-003-2-04,Fraser,NA,0,1.5385,NA,0,0.389999986,6.55
03-003-2-05,Fraser,NA,0,0,NA,0,0.660000026,6.55
03-003-2-06,Fraser,NA,0,0,NA,0,0.519999981,6.55
03-003-2-07,Fraser,NA,0,0.885,NA,0,0.189999998,6.55
03-003-2-08,Fraser,NA,0,0,NA,0,0.239999995,6.55
03-003-2-09,Fraser,NA,0,0,NA,0,0.189999998,6.55
03-003-2-10,Fraser,NA,0,0,NA,0,0.07,6.55
03-003-2-11,Fraser,NA,0,0,NA,0,-0.079999998,6.55
03-003-2-12,Fraser,NA,0,0,NA,0,0.180000007,6.55
03-004-1-1,Fraser,0,1.3889,1.3889,NA,97.2222,0.95,4.9
03-004-1-10,Fraser,15.5844,0,0,NA,84.4156,0.99,4.9
03-004-1-11,Fraser,0,0,0,NA,0,0.83,4.9
03-004-1-12,Fraser,0,0,0,NA,100,1.11,4.9
03-004-1-13,Fraser,0,0,3.2787,NA,90.1639,0.96,4.9
03-004-1-14,Fraser,0,0,0,NA,100,0.96,4.9
03-004-1-15,Fraser,24.6377,0,0,NA,72.4638,1.14,4.9
03-004-1-16,Fraser,0,0,0,NA,100,1.05,4.9
03-004-1-17,Fraser,0,0,0,NA,100,1.01,4.9
03-004-1-18,Fraser,0,0,0,NA,100,1,4.9
03-004-1-19,Fraser,0,0,3.6697,NA,13.7615,1.5,4.9
03-004-1-2,Fraser,0,0,0,NA,100,1.14,4.9
03-004-1-20,Fraser,0,0,0,NA,100,1.09,4.9
03-004-1-3,Fraser,0,0,0,NA,100,1.08,4.9
03-004-1-4,Fraser,0,32.9412,11.7647,NA,0,1.04,4.9
03-004-1-5,Fraser,0,0,0,NA,100,1.05,4.9
03-004-1-6,Fraser,0,0,0,NA,100,1.01,4.9
03-004-1-7,Fraser,0,4.7619,0,NA,28.5714,1.37,4.9
03-004-1-8,Fraser,0,0,0,NA,0,0.94,4.9
03-004-1-9,Fraser,0,0,0,NA,98.3607,1,4.9
03-006-1-1,Fraser,NA,0,0,0,0,0.84,6.86
03-006-1-10,Fraser,NA,0,1.9512,0,0,1.219929,6.86
03-006-1-11,Fraser,NA,0,0,0,0,0.869948,6.86
03-006-1-13,Fraser,NA,0,0,2.5641,0,1.069881,6.86
03-006-1-2,Fraser,NA,0,0,0,0,1.059981,6.86
03-006-1-3,Fraser,NA,0,0.813,0,0,1.159955,6.86
03-006-1-4,Fraser,NA,0,1.9139,0,0,1.079975,6.86
03-006-1-5,Fraser,NA,0,0,0,0,0.949928,6.86
03-006-1-6,Fraser,NA,10.4046,0,0,0,0.899931,6.86
03-006-1-7,Fraser,NA,0,0,0,0,1.049881,6.86
03-006-1-8,Fraser,NA,0,0,0,0,1.119977,6.86
03-006-1-9,Fraser,NA,0,1.3072,0,0,1.539848,6.86
04-001-1-01,Fraser,NA,NA,NA,NA,0,1.26,2.68
04-001-1-02,Fraser,NA,NA,NA,NA,0,1.02,2.68
04-001-1-03,Fraser,NA,NA,NA,NA,0,1.3,2.68
04-001-1-04,Fraser,NA,NA,NA,NA,0,1.08,2.68
04-001-1-05,Fraser,NA,NA,NA,NA,0,0.93,2.68
04-001-1-06,Fraser,NA,NA,NA,NA,0,0.88,2.68
04-001-1-07,Fraser,NA,NA,NA,NA,0,1.07,2.68
04-001-1-08,Fraser,NA,NA,NA,NA,0,0.94,2.68
04-001-1-09,Fraser,NA,NA,NA,NA,0,0.93,2.68
04-001-1-10,Fraser,NA,NA,NA,NA,0,0.79,2.68
04-001-1-11,Fraser,NA,NA,NA,NA,0,1,2.68
04-001-1-12,Fraser,NA,NA,NA,NA,0,0.94,2.68
04-001-1-13,Fraser,NA,NA,NA,NA,0,1.09,2.68
04-001-1-14,Fraser,NA,NA,NA,NA,0,0.75,2.68
04-001-1-15,Fraser,NA,NA,NA,NA,0,0.64,2.68
04-001-1-16,Fraser,NA,NA,NA,NA,0,0.61,2.68
04-001-1-17,Fraser,NA,NA,NA,NA,0,0.78,2.68
04-001-1-18,Fraser,NA,NA,NA,NA,0,1.25,2.68
04-001-1-19,Fraser,NA,NA,NA,NA,0,1.11,2.68
04-001-1-20,Fraser,NA,NA,NA,NA,0,1,2.68
04-003-1-1,Fraser,0,16.3934,0,65.5738,0,1.04,4.03
04-003-1-10,Fraser,99.7783,0,0,0,0,0.97,4.03
04-003-1-11,Fraser,99.6264,0,0,0,0,0.98,4.03
04-003-1-12,Fraser,99.8981,0,0,0,0,1.24,4.03
04-003-1-3,Fraser,0,0,1.3514,0,0,0.93,4.03
04-003-1-4,Fraser,0,0,0,0,0,0.99,4.03
04-003-1-5,Fraser,31.8841,5.7971,0.2899,8.6957,0,0.84,4.03
04-003-1-6,Fraser,93.0851,6.6489,0.133,0.133,0,1.02,4.03
04-003-1-7,Fraser,0.4673,4.6729,14.0187,32.7103,0,1.19,4.03
04-003-1-8,Fraser,98.9011,0,0,0,0,0.99,4.03
04-003-1-9,Fraser,99.3377,0,0.1325,0,0,0.85,4.03
04-005-1-01,Fraser,NA,0,0,NA,0,1.04,3.67
04-005-1-02,Fraser,NA,0,3.1579,NA,0,1.01,3.67
04-005-1-03,Fraser,NA,0,0,NA,0,1.11,3.67
04-005-1-04,Fraser,NA,0,0,NA,0,1.07,3.67
04-005-1-05,Fraser,NA,0,0,NA,0,1.1,3.67
04-005-1-06,Fraser,NA,0,0,NA,0,1.05,3.67
04-005-1-07,Fraser,NA,0,0,NA,0,1.08,3.67
04-005-1-08,Fraser,NA,2.9851,0,NA,0,1.17,3.67
04-005-1-09,Fraser,NA,5.2632,5.2632,NA,0,1.06,3.67
04-005-1-10,Fraser,NA,0,0,NA,0,1.03,3.67
05-001-1-1,Fraser,81.448,0,0,0,0,1.389893,6.34
05-001-1-10,Fraser,10.2564,0,0,0,0,1.021019,6.34
05-001-1-2,Fraser,35.8744,0,0.8969,0,0,1.580371,6.34
05-001-1-3,Fraser,13.2743,3.5398,0,0,0,1.280106,6.34
05-001-1-4,Fraser,8.658,0,1.7316,0,0,1.28,6.34
05-001-1-5,Fraser,1.6129,0,0,3.2258,0,1.440686,6.34
05-001-1-6,Fraser,4.0363,0,2.0182,0,0,1.219841,6.34
05-001-1-7,Fraser,44.6429,0,0.8929,0,0,0.96984,6.34
05-001-1-8,Fraser,80.1887,0,1.8868,0,0,1.220213,6.34
05-001-1-9,Fraser,16.4609,0,0,0,0,1.110587,6.34
05-002-1-1,Fraser,21.7391,NA,21.7391,0,55.4348,1.378258,3.22
05-002-1-10,Fraser,0,NA,0,0,100,0.990174,3.22
05-002-1-11,Fraser,94.7867,NA,0,0.237,4.7393,1.511399,3.22
05-002-1-12,Fraser,0,NA,0,32.2581,3.2258,1.037049,3.22
05-002-1-13,Fraser,0,NA,0,0,25,1.009477,3.22
05-002-1-14,Fraser,0,NA,0,0,50,1.087915,3.22
05-002-1-15,Fraser,0,NA,0,0,75,1.041047,3.22
05-002-1-16,Fraser,0,NA,0,0,98.3607,0.772969,3.22
05-002-1-17,Fraser,99.6678,NA,0,0,0,1.540869,3.22
05-002-1-18,Fraser,0,NA,0,0,100,1.089474,3.22
05-002-1-2,Fraser,0,NA,0,0,100,1.138249,3.22
05-002-1-20,Fraser,0,NA,2.439,0,73.1707,1.070699,3.22
05-002-1-3,Fraser,0,NA,0,0,100,0.970523,3.22
05-002-1-4,Fraser,0,NA,0,0,100,1.07,3.22
05-002-1-5,Fraser,0,NA,0,0,100,1.119826,3.22
05-002-1-6,Fraser,0,NA,0,0,100,1.050523,3.22
05-002-1-7,Fraser,99.5025,NA,0,0,0.1658,1.570697,3.22
05-002-1-8,Fraser,0,NA,0,0,100,1.029826,3.22
05-002-1-9,Fraser,0,NA,0,0,100,1.049825,3.22
09-001-A-1-1,Fraser,NA,34.1463,NA,NA,0,1.187845,11.66
09-001-A-1-10,Fraser,NA,0,NA,NA,0,1.043608,11.66
09-001-A-1-11,Fraser,NA,0,NA,NA,0,1.402393,11.66
09-001-A-1-12,Fraser,NA,0,NA,NA,0,2.800142,11.66
09-001-A-1-13,Fraser,NA,0,NA,NA,0,1.706213,11.66
09-001-A-1-14,Fraser,NA,0,NA,NA,0,1.178657,11.66
09-001-A-1-15,Fraser,NA,0,NA,NA,0,0.995192,11.66
09-001-A-1-16,Fraser,NA,0,NA,NA,0,1.470521,11.66
09-001-A-1-17,Fraser,NA,0,NA,NA,0,2.331982,11.66
09-001-A-1-18,Fraser,NA,6.1674,NA,NA,0,1.943034,11.66
09-001-A-1-19,Fraser,NA,0,NA,NA,0,0.404178,11.66
09-001-A-1-2,Fraser,NA,0,NA,NA,0,1.110511,11.66
09-001-A-1-20,Fraser,NA,0,NA,NA,0,-1.27111,11.66
09-001-A-1-3,Fraser,NA,0,NA,NA,0,0.961024,11.66
09-001-A-1-4,Fraser,NA,0,NA,NA,0,1.123073,11.66
09-001-A-1-5,Fraser,NA,1.4981,NA,NA,0,0.961538,11.66
09-001-A-1-6,Fraser,NA,0,NA,NA,0,1.366428,11.66
09-001-A-1-7,Fraser,NA,0,NA,NA,0,0.975138,11.66
09-001-A-1-8,Fraser,NA,0,NA,NA,0,1.276914,11.66
09-001-A-1-9,Fraser,NA,0,NA,NA,0,1.016911,11.66
09-001-B -1-1,Fraser,NA,7.5949,NA,NA,0,1.458016,11
09-001-B -1-10,Fraser,NA,0,NA,NA,0,1.470549,11
09-001-B -1-11,Fraser,NA,0,NA,NA,0,1.502201,11
09-001-B -1-12,Fraser,NA,0,NA,NA,0,1.45055,11
09-001-B -1-13,Fraser,NA,0.8403,NA,NA,0,1.661102,11
09-001-B -1-14,Fraser,NA,0,NA,NA,0,1.422204,11
09-001-B -1-15,Fraser,NA,0,NA,NA,0,1.457795,11
09-001-B -1-16,Fraser,NA,0,NA,NA,0,1.575587,11
09-001-B -1-17,Fraser,NA,7.0175,NA,NA,0,1.181655,11
09-001-B -1-18,Fraser,NA,0,NA,NA,0,1.329448,11
09-001-B -1-19,Fraser,NA,17.7083,NA,NA,0,1.386129,11
09-001-B -1-2,Fraser,NA,0,NA,NA,0,0.833272,11
09-001-B -1-20,Fraser,NA,0,NA,NA,0,1.047233,11
09-001-B -1-3,Fraser,NA,0,NA,NA,0,1.01,11
09-001-B -1-4,Fraser,NA,0,NA,NA,0,1.273281,11
09-001-B -1-5,Fraser,NA,0,NA,NA,0,1.151641,11
09-001-B -1-6,Fraser,NA,0,NA,NA,0,1.221642,11
09-001-B -1-7,Fraser,NA,0,NA,NA,0,1.363839,11
09-001-B -1-8,Fraser,NA,3.5211,NA,NA,0,0.869877,11
09-001-B -1-9,Fraser,NA,14.3885,NA,NA,0,1.321647,11
09-002-A-1-1,Fraser,17.8571,3.5714,0,0,0,1.13,0.54
09-002-A-1-10,Fraser,8.8106,6.1674,0.8811,0,0,1.114481,0.54
09-002-A-1-11,Fraser,5.9322,0,5.0847,0,0,1.115973,0.54
09-002-A-1-12,Fraser,4.0161,8.0321,4.8193,0,0,1.250497,0.54
09-002-A-1-13,Fraser,2.521,0,2.521,0,0,1.12,0.54
09-002-A-1-2,Fraser,16.6667,3.3333,0,0,0,0.81,0.54
09-002-A-1-3,Fraser,24,0,0,0,0,1.02,0.54
09-002-A-1-4,Fraser,9.1743,0,0,0,0,1.098505,0.54
09-002-A-1-5,Fraser,28.6885,0,0,0,0,1.180997,0.54
09-002-A-1-6,Fraser,28.5714,0,5.7143,0,0,0.980997,0.54
09-002-A-1-7,Fraser,86.3636,0,0,0,0,0.882494,0.54
09-002-A-1-8,Fraser,10.4167,6.9444,0,1.3889,0,1.16551,0.54
09-002-A-1-9,Fraser,38.0952,1.9048,0,0,0,1.080997,0.54
09-002-B-1-1,Fraser,NA,NA,NA,NA,0,0.81,0.52
09-002-B-1-10,Fraser,NA,NA,NA,NA,0,1.24,0.52
09-002-B-1-2,Fraser,NA,NA,NA,NA,0,0.3,0.52
09-002-B-1-3,Fraser,NA,NA,NA,NA,0,0.54,0.52
09-002-B-1-4,Fraser,NA,NA,NA,NA,0,0.67,0.52
09-002-B-1-5,Fraser,NA,NA,NA,NA,0,-0.56,0.52
09-002-B-1-6,Fraser,NA,NA,NA,NA,0,1.15,0.52
09-002-B-1-7,Fraser,NA,NA,NA,NA,0,0.97,0.52
09-002-B-1-8,Fraser,NA,NA,NA,NA,0,1,0.52
09-002-B-1-9,Fraser,NA,NA,NA,NA,0,1.08,0.52
09-003-1-1,Fraser,0,0,0.1996,79.8403,3.992,1.349173,10.4
09-003-1-10,Fraser,0,0,0,0,100,1.2,10.4
09-003-1-11,Fraser,0,0,0,0,100,0.998321,10.4
09-003-1-14,Fraser,0,0.1403,0,98.1767,0,0.748703,10.4
09-003-1-15,Fraser,7.6336,7.6336,0,19.084,0,0.92398,10.4
09-003-1-16,Fraser,0.9009,0,0,0,99.0991,0.100418,10.4
09-003-1-17,Fraser,0,0,0,0,0,1.258346,10.4
09-003-1-19,Fraser,0,14.0845,1.4085,28.169,56.338,1.271677,10.4
09-003-1-2,Fraser,0,0,0,28.5714,0,1.58,10.4
09-003-1-20,Fraser,0,0,0,0,100,0.975534,10.4
09-003-1-21,Fraser,0,0,0,0,100,1.098748,10.4
09-003-1-22,Fraser,0,0,0.1277,10.2171,0,1.28875,10.4
09-003-1-23,Fraser,0,0,0,98.0392,0,1.068801,10.4
09-003-1-24,Fraser,0,0,0,95.8904,0,1.379584,10.4
09-003-1-3,Fraser,0,0,13.4048,18.7668,26.8097,NA,10.4
09-003-1-5,Fraser,0,12.5,0,0,87.5,1.357037,10.4
09-003-1-6,Fraser,0,0,0,20.6022,0,1.434596,10.4
09-003-1-7,Fraser,0,0,0,22.2222,55.5556,1.773346,10.4
09-003-1-8,Fraser,0,0,0,0,100,1.177892,10.4
09-003-1-9,Fraser,0,0,0,0,100,1.110844,10.4
09-003-2-1,Fraser,0.1953,0,0,0,0,0.391678,10.4
09-003-2-10,Fraser,0,0,0,0,0,0.421252,10.4
09-003-2-11,Fraser,0,0,0,0,0,0.300417,10.4
09-003-2-12,Fraser,0,0,0,0,0,0.09,10.4
09-003-2-13,Fraser,0,0,0,0,0,0.090418,10.4
09-003-2-14,Fraser,0,1.087,0,0,21.7391,0.380417,10.4
09-003-2-15,Fraser,0,0,0,0,3.0303,0.23,10.4
09-003-2-2,Fraser,0,0,0,0,0,0.488386,10.4
09-003-2-3,Fraser,0,0,0,0,0,0.31,10.4
09-003-2-4,Fraser,0,0,0,0,0,0.427901,10.4
09-003-2-5,Fraser,0,0,0,0,0,0.321261,10.4
09-003-2-6,Fraser,8.3333,0,0,0,0,0.129582,10.4
09-003-2-7,Fraser,56.6038,0,0,0,0,0.511252,10.4
09-003-2-8,Fraser,78.4314,0,0,0,0,0.291254,10.4
09-003-2-9,Fraser,0,0,0,0,0,0.340848,10.4
09-004-1-1,Fraser,0,NA,9.0909,NA,0,0.870394,9.78
09-004-1-10,Fraser,79.1667,NA,0,NA,0,-0.3674,9.78
09-004-1-2,Fraser,0,NA,2.6316,NA,52.6316,0.300164,9.78
09-004-1-3,Fraser,53.1915,NA,0,NA,3.5461,0.556461,9.78
09-004-1-4,Fraser,10.4167,NA,5.2083,NA,0,0.681366,9.78
09-004-1-5,Fraser,56.5217,NA,8.6957,NA,0,1.033724,9.78
09-004-1-6,Fraser,12.3711,NA,4.1237,NA,0,0.778825,9.78
09-004-1-7,Fraser,61.5385,NA,0,NA,0,-0.45625,9.78
09-004-1-8,Fraser,69.4444,NA,6.4815,NA,0,0.636487,9.78
09-004-1-9,Fraser,71.7949,NA,0,NA,0,0.456099,9.78
09-006-1-1,Fraser,0,NA,0,0.3676,0,1.280595,9.83
09-006-1-10,Fraser,0,NA,14.9254,59.7015,1.4925,1.345862,9.83
09-006-1-11,Fraser,0,NA,0,0,0,1.081785,9.83
09-006-1-12,Fraser,0,NA,0,24.7934,66.1157,1.282368,9.83
09-006-1-13,Fraser,0,NA,6.4516,0,0.6452,1.428813,9.83
09-006-1-14,Fraser,0,NA,20.8333,0,31.25,1.257036,9.83
09-006-1-2,Fraser,1.0173,NA,0,0,0,0.652177,9.83
09-006-1-3,Fraser,0,NA,8.0645,2.6882,0,1.330594,9.83
09-006-1-4,Fraser,80.6452,NA,0,0.8065,0,0.399311,9.83
09-006-1-5,Fraser,30.303,NA,0,0,0,1.208813,9.83
09-006-1-6,Fraser,0,NA,0,19.6078,78.4314,1.278817,9.83
09-006-1-7,Fraser,22.5564,NA,0,7.5188,0,1.132379,9.83
09-006-1-8,Fraser,0,NA,25.5102,61.2245,0,1.261185,9.83
09-006-1-9,Fraser,0,NA,48.0769,48.0769,0,1.279407,9.83
09-008-A-1-1,Fraser,NA,NA,0,0,0,0.492807,10.72
09-008-A-1-2,Fraser,NA,NA,0,6.6667,0,1.366808,10.72
09-008-A-1-3,Fraser,NA,NA,0,2.8169,0,0.343716,10.72
09-008-A-1-4,Fraser,NA,NA,0,1.7699,0,0.655865,10.72
09-008-A-1-5,Fraser,NA,NA,0,1.9139,0,-0.06584,10.72
09-008-A-2-1,Fraser,NA,NA,27.7778,66.6667,0,1.060214,10.72
09-008-A-2-2,Fraser,NA,NA,62.9921,23.622,0,1.564198,10.72
09-008-A-2-3,Fraser,NA,NA,41.2371,25.7732,0,1.64066,10.72
09-008-A-2-4,Fraser,NA,NA,5.8333,58.3333,0,1.419433,10.72
09-008-A-2-5,Fraser,NA,NA,8.8608,88.6076,0,1.76945,10.72
09-008-B-1-1,Fraser,0,0,5.0847,6.7797,0,0.62465,10.65
09-008-B-1-10,Fraser,0,0,40,40,0,1.680874,10.65
09-008-B-1-2,Fraser,17.2414,0,2.2989,4.5977,0,0.927443,10.65
09-008-B-1-3,Fraser,0,0,3.9604,89.1089,0,0.595094,10.65
09-008-B-1-4,Fraser,0,0,3.2258,32.2581,0,0.326368,10.65
09-008-B-1-5,Fraser,65.2174,0,0,0,0,-0.04596,10.65
09-008-B-1-6,Fraser,8.2353,1.1765,0,23.5294,0,0.786807,10.65
09-008-B-1-7,Fraser,0,0,3.0928,5.1546,0,-0.16063,10.65
09-008-B-1-8,Fraser,6.8627,0,0,2.9412,0,-0.20337,10.65
09-008-B-1-9,Fraser,3.5211,0,0,0,0,0.416328,10.65
09-009-1-1,Fraser,0,NA,0,NA,0,1.14654,4.62
09-009-1-10,Fraser,12,NA,0,NA,0,1.014727,4.62
09-009-1-11,Fraser,0,NA,0,NA,0,0.742359,4.62
09-009-1-12,Fraser,40,NA,0,NA,0,1.198262,4.62
09-009-1-13,Fraser,0,NA,0,NA,0,0.975891,4.62
09-009-1-14,Fraser,5,NA,0,NA,0,0.987644,4.62
09-009-1-15,Fraser,48,NA,0,NA,0,1.251216,4.62
09-009-1-2,Fraser,30,NA,0,NA,0,0.95295,4.62
09-009-1-3,Fraser,20,NA,0,NA,0,1.082359,4.62
09-009-1-4,Fraser,1.5152,NA,0,NA,0,1.062405,4.62
09-009-1-5,Fraser,0,NA,0,NA,0,0.870589,4.62
09-009-1-6,Fraser,38.5714,NA,2.381,NA,0,1.044129,4.62
09-009-1-7,Fraser,10,NA,0,NA,0,0.872948,4.62
09-009-1-8,Fraser,36.6197,NA,0,NA,0,1.190616,4.62
09-009-1-9,Fraser,3.5088,NA,0,NA,0,1.257124,4.62
09-013-1-1,Fraser,54.3046,0,0,0,0,1.183702,10.59
09-013-1-10,Fraser,5.291,0,0,0,0,1.122542,10.59
09-013-1-11,Fraser,45.4545,0,0,0,0,0.621719,10.59
09-013-1-12,Fraser,73.5931,0,0,0,0,0.985411,10.59
09-013-1-13,Fraser,37.5,0,0.625,21.875,0,1.170266,10.59
09-013-1-14,Fraser,41.4063,0,0,0,0,0.452868,10.59
09-013-1-15,Fraser,0,0,0,0,0,0.585984,10.59
09-013-1-16,Fraser,17.2414,0,0,34.4828,0,0.964595,10.59
09-013-1-2,Fraser,0.8065,20.1613,0,8.0645,0,0.914015,10.59
09-013-1-3,Fraser,75.4902,0,0,0,0,0.371148,10.59
09-013-1-4,Fraser,64.6552,0,0,1.7241,0,0.79172,10.59
09-013-1-5,Fraser,63.6704,0,0,0,0,0.885164,10.59
09-013-1-6,Fraser,4.6729,0,0,82.243,0,0.88828,10.59
09-013-1-7,Fraser,30.303,0,0,0,0,0.56,10.59
09-013-1-8,Fraser,39.604,0,0,0,0,0.439426,10.59
09-013-1-9,Fraser,43.9252,0,0,0,0,0.598853,10.59
09-015-1-1,Fraser,NA,NA,0,NA,0,0.072399,11.86
09-015-1-10,Fraser,NA,NA,6.5789,NA,0,1.086706,11.86
09-015-1-11,Fraser,NA,NA,0,NA,0,0.536568,11.86
09-015-1-12,Fraser,NA,NA,3.3708,NA,0,1.016894,11.86
09-015-1-13,Fraser,NA,NA,0,NA,0,-0.64452,11.86
09-015-1-14,Fraser,NA,NA,0,NA,0,0.182731,11.86
09-015-1-15,Fraser,NA,NA,0,NA,0,0.313751,11.86
09-015-1-2,Fraser,NA,NA,0,NA,0,0.067464,11.86
09-015-1-3,Fraser,NA,NA,0,NA,0,0.249491,11.86
09-015-1-4,Fraser,NA,NA,0,NA,0,-0.67917,11.86
09-015-1-5,Fraser,NA,NA,3.6697,NA,0,0.308774,11.86
09-015-1-6,Fraser,NA,NA,9.1743,NA,0,0.556416,11.86
09-015-1-7,Fraser,NA,NA,0,NA,0,-0.49588,11.86
09-015-1-8,Fraser,NA,NA,7.5829,NA,0,-0.42128,11.86
09-015-1-9,Fraser,NA,NA,0,NA,0,0.603309,11.86
09-016-1-1,Fraser,0,NA,NA,NA,0,-1.28436,2.06
09-016-1-10,Fraser,0,NA,NA,NA,0,-0.29691,2.06
09-016-1-11,Fraser,0,NA,NA,NA,0,-0.54794,2.06
09-016-1-12,Fraser,0,NA,NA,NA,0,-0.35639,2.06
09-016-1-13,Fraser,73.8916,NA,NA,NA,0,-0.56639,2.06
09-016-1-14,Fraser,0,NA,NA,NA,0,-0.28051,2.06
09-016-1-16,Fraser,0,NA,NA,NA,0,-0.81536,2.06
09-016-1-17,Fraser,0,NA,NA,NA,0,-0.29589,2.06
09-016-1-18,Fraser,NA,NA,NA,NA,NA,-0.44511,2.06
09-016-1-19,Fraser,3.125,NA,NA,NA,0,-0.68485,2.06
09-016-1-2,Fraser,0,NA,NA,NA,0,-0.47846,2.06
09-016-1-20,Fraser,0,NA,NA,NA,0,-1.10333,2.06
09-016-1-3,Fraser,0,NA,NA,NA,0,-0.36742,2.06
09-016-1-4,Fraser,0,NA,NA,NA,0,-1.17124,2.06
09-016-1-5,Fraser,0,NA,NA,NA,0,-0.51897,2.06
09-016-1-6,Fraser,0,NA,NA,NA,0,-0.37485,2.06
09-016-1-7,Fraser,0,NA,NA,NA,0,-1.20538,2.06
09-016-1-8,Fraser,0,NA,NA,NA,0,-0.65846,2.06
09-016-1-9,Fraser,0,NA,NA,NA,0,-0.59845,2.06
09-016-2-15,Fraser,NA,NA,NA,NA,NA,-0.45691,2.06
09-020-1-1,Fraser,0,NA,1.3699,0,0,0.853734,2.92
09-020-1-10,Fraser,29.703,NA,39.604,0.9901,0,1.441599,2.92
09-020-1-11,Fraser,12.987,NA,21.645,0,0,1.548934,2.92
09-020-1-12,Fraser,99.8004,NA,0,0,0,1.420654,2.92
09-020-1-13,Fraser,0,NA,0,0,0,1.248399,2.92
09-020-1-14,Fraser,98.6842,NA,0,0,0,1.223733,2.92
09-020-1-15,Fraser,0,NA,24.7934,8.2645,0,1.268403,2.92
09-020-1-16,Fraser,99.6264,NA,0.1245,0,0,2.226138,2.92
09-020-1-17,Fraser,24.0964,NA,60.241,1.2048,0,1.553195,2.92
09-020-1-18,Fraser,0,NA,2.1231,12.7389,0,1.4168,2.92
09-020-1-19,Fraser,0,NA,0,7.6687,0,1.097872,2.92
09-020-1-2,Fraser,37.037,NA,12.3457,0,0,1.134804,2.92
09-020-1-20,Fraser,92.3077,NA,3.0769,1.5385,0,1.411066,2.92
09-020-1-3,Fraser,0,NA,0,7.6336,0,2.84,2.92
09-020-1-5,Fraser,7.5758,NA,0,0,0,0.54267,2.92
09-020-1-6,Fraser,93.6524,NA,0,0,0,1.328403,2.92
09-020-1-7,Fraser,49.3827,NA,0,0,0,0.858932,2.92
09-020-1-8,Fraser,81.1808,NA,3.69,0,0,1.376264,2.92
09-020-1-9,Fraser,99.6979,NA,0,0,0,1.07,2.92
10-002-A-1-01,Fraser,0,0,0,0,78.7879,1.410963774,15.06
10-002-A-1-02,Fraser,0,0,0,0,0,1.170969844,15.06
10-002-A-1-03,Fraser,0,0,0,0,93.0233,0.924212396,15.06
10-002-A-1-04,Fraser,0,0,0,0,0,1.272900581,15.06
10-002-A-1-05,Fraser,91.954,0,0,4.5977,0,1.296106577,15.06
10-002-A-1-06,Fraser,0,0,0,40.2685,0,1.450000048,15.06
10-002-A-1-07,Fraser,0,0,10.4712,54.4503,0,1.298039913,15.06
10-002-A-1-08,Fraser,0,0,0,0,87.5,1.240325212,15.06
10-002-A-1-09,Fraser,0,0,0,0,80.8824,1.100325584,15.06
10-002-A-1-10,Fraser,0,0,0,0,0,1.360000014,15.06
10-002-A-1-11,Fraser,0,0,0,0,100,1.190000057,15.06
10-002-A-1-12,Fraser,0,5.0633,0,0,94.9367,0.537393391,15.06
10-002-A-1-13,Fraser,0,0,0,0,100,2.060885191,15.06
10-002-A-1-14,Fraser,0,0,0,0,0,0.613241494,15.06
10-002-A-1-15,Fraser,0,0,0,0,0,1.349676013,15.06
10-002-A-1-16,Fraser,6.3063,0,0,0,0,1.410320878,15.06
10-002-A-1-17,Fraser,0,0,7.6923,0,0,1.041287899,15.06
10-002-A-1-18,Fraser,0,0,0,0,0,1.420966506,15.06
10-002-A-1-19,Fraser,0,0,0,0,100,1.387729645,15.06
10-002-A-1-20,Fraser,19.8675,0,0,56.2914,0,1.500644207,15.06
10-002-B-1-03,Fraser,0,0,4.5662,41.0959,0,1.331905365,15.5
10-002-B-1-06,Fraser,72.1154,2.8846,0,0,0,1.013813496,15.5
10-002-B-1-08,Fraser,1.6807,0,0,0.8403,0,1.388097525,15.5
10-002-B-1-12,Fraser,53.1401,4.8309,0,4.8309,0,1.271268964,15.5
10-002-B-1-14,Fraser,27.2109,2.0408,0,34.0136,0,1.272858977,15.5
10-002-B-1-16,Fraser,62.2754,0,0,0,0,1.46031642,15.5
10-002-B-1-17,Fraser,48.0874,0,0,0,0,1.332223296,15.5
10-002-B-1-18,Fraser,69.4981,0,0,0,0,1.24745965,15.5
10-002-B-1-24,Fraser,1.5152,5.303,9.0909,3.0303,0,1.710950732,15.5
10-002-B-2-01,Fraser,0,0,0,3.5714,0,0.97968173,15.5
10-002-B-2-02,Fraser,0,0,0,17.6471,0,1.100000024,15.5
10-002-B-2-04,Fraser,0,0,0,0,0,1.010317087,15.5
10-002-B-2-05,Fraser,0,0,0,3.7736,0,1.07126379,15.5
10-002-B-2-07,Fraser,0,0,50,50,0,1.10905242,15.5
10-002-B-2-10,Fraser,0,0,7.4074,0,0,1.139999986,15.5
10-002-B-2-11,Fraser,0,0,0,0,0,1.090631723,15.5
10-002-B-2-13,Fraser,0,7.6923,7.6923,0,0,1.130315423,15.5
10-002-B-2-15,Fraser,0,0,0,0,0,1.080944777,15.5
10-003-1-1,Fraser,NA,0,2.0833,0,0,1.429960489,17.37
10-003-1-2,Fraser,NA,0,0,0,0,1.649976015,17.37
10-003-1-3,Fraser,NA,NA,NA,NA,NA,1.330015779,17.37
10-003-1-4,Fraser,NA,28.9474,2.6316,0,0,1.339898229,17.37
10-003-1-5,Fraser,NA,0,0,0,0,1.389968395,17.37
10-003-1-6,Fraser,NA,0,2.8037,0,0,1.619907737,17.37
10-003-1-7,Fraser,NA,20,0,40,0,1.270084977,17.37
10-003-1-8,Fraser,NA,0,0,0,0,1.439992309,17.37
10-003-2-1,Fraser,NA,NA,NA,NA,NA,1.38988924,17.37
10-003-2-2,Fraser,NA,0,0,86.9565,0,1.029936314,17.37
10-003-2-3,Fraser,NA,0,37.5,0,0,1.019906282,17.37
10-004-1-01,Fraser,NA,NA,0,0,0,1.517359257,14.13
10-004-1-02,Fraser,NA,NA,3.8536,0,0,0.960756421,14.13
10-004-1-04,Fraser,NA,NA,5.0314,50.3145,0,0.929621339,14.13
10-004-1-05,Fraser,NA,NA,6.6038,0,0,1.478491306,14.13
10-004-1-06,Fraser,NA,NA,0,0,0,1.223402858,14.13
10-004-1-07,Fraser,NA,NA,0,1.8692,0,1.069244504,14.13
10-004-1-08,Fraser,NA,NA,0,97.0874,0,0.67886287,14.13
10-004-1-09,Fraser,NA,NA,0.4484,0,0,1.207546234,14.13
10-004-1-10,Fraser,NA,NA,0,69.7248,0,1.275664091,14.13
10-004-1-12,Fraser,NA,NA,3.6364,0,0,0.257550746,14.13
10-004-1-13,Fraser,NA,NA,0,0,0,1.406982422,14.13
10-004-1-14,Fraser,NA,NA,2.6316,0,0,0.970378399,14.13
10-004-1-15,Fraser,NA,NA,0,0,0,0.506403863,14.13
10-004-1-16,Fraser,NA,NA,0,2.1505,0,0.771137118,14.13
10-004-1-17,Fraser,NA,NA,0,0,0,1.432066441,14.13
10-004-1-18,Fraser,NA,NA,0,0,0,1.054909706,14.13
10-004-1-19,Fraser,NA,NA,2.6786,0,0,0.906048477,14.13
10-004-1-20,Fraser,NA,NA,0,0,0,0.831893742,14.13
10-004-1-24,Fraser,NA,NA,0,94.1176,0,1.053399563,14.13
10-004-1-30,Fraser,NA,NA,35.503,47.3373,0,1.515665054,14.13
11-001-1-1,Fraser,90.9091,0,6.0606,0.6061,0,0.020269,21.21
11-001-1-10,Fraser,0,0,1.3514,13.5135,0,1.040067,21.21
11-001-1-11,Fraser,30.303,0,3.0303,0,0,1.650338,21.21
11-001-1-12,Fraser,0,88.7574,0.5917,0,0,0.359592,21.21
11-001-1-13,Fraser,0,0,0,60.6061,0,0.389455,21.21
11-001-1-14,Fraser,1.1905,0,11.9048,1.1905,0,0.206581,21.21
11-001-1-15,Fraser,0,0,0,0,0,0.098903,21.21
11-001-1-16,Fraser,0,0,0,0,0,0.29945,21.21
11-001-1-17,Fraser,74.0741,0,0,0.9259,0,0.888965,21.21
11-001-1-18,Fraser,4.5455,0,0,4.5455,0,0.089723,21.21
11-001-1-19,Fraser,86.2069,0,0.3448,0.3448,0,0.809034,21.21
11-001-1-2,Fraser,0,0,5.8824,0,0,1.521341,21.21
11-001-1-20,Fraser,1.7544,0,35.0877,0,0,0.649452,21.21
11-001-1-3,Fraser,2.8571,0,0,2.8571,0,1.471344,21.21
11-001-1-4,Fraser,66.6667,0,9.5238,0,0,0.761077,21.21
11-001-1-5,Fraser,56.0748,28.0374,0,0,0,-0.72,21.21
11-001-1-6,Fraser,17.1429,22.8571,0,0.5714,0,1.171211,21.21
11-001-1-7,Fraser,38.4615,0,4.8077,0.4808,0,-0.00859,21.21
11-001-1-8,Fraser,0,70,0,1,0,NA,21.21
11-001-1-9,Fraser,29.8507,3.7313,0,3.7313,0,1.110202,21.21
11-002-1-01,Fraser,26.8199,0,0,3.8314,0,1.210267,22.67
11-002-1-02,Fraser,0.3788,0,3.0303,0,0,1.179822,22.67
11-002-1-03,Fraser,62.2407,0,0,0,0,0.990177,22.67
11-002-1-04,Fraser,1.2658,0,5.0633,0,0,1.000175,22.67
11-002-1-05,Fraser,51.9031,3.4602,0,0,0,0.90965,22.67
11-002-1-06,Fraser,0,0,2.6549,22.1239,0,1.000793,22.67
11-002-1-08,Fraser,0,0,0,0,0,1.190266,22.67
11-002-1-10,Fraser,2.0202,0,3.0303,0,0,0.720704,22.67
11-002-1-11,Fraser,0,0,0,0,0,1.020088,22.67
11-002-1-12,Fraser,0,0,5.8824,23.5294,0,0.999912,22.67
11-002-1-13,Fraser,0,0,1.6949,0,0,1.150089,22.67
11-002-1-14,Fraser,0,13.3929,7.1429,44.6429,0,1.261067,22.67
11-002-1-15,Fraser,31.25,0,0,0,0,1.130357,22.67
11-002-1-16,Fraser,0,0,1.3423,0,0,1.120088,22.67
11-002-1-17,Fraser,75.9259,0,0,0,0,1.050177,22.67
11-002-1-18,Fraser,77.551,0,0,0,0,0.590352,22.67
11-002-1-20,Fraser,71.2963,0,1.8519,0,0,1.260178,22.67
11-009-1-1,Fraser,0,0,0,1.0515,0,1.552257,23.83
11-009-1-10,Fraser,59.7015,0,7.4627,0.7463,0,1.243706,23.83
11-009-1-11,Fraser,2.2936,3.4404,4.5872,0,0,1.090764,23.83
11-009-1-12,Fraser,84.2697,2.809,0.2809,0.2809,0,0.77153,23.83
11-009-1-13,Fraser,59.5238,7.9365,11.9048,0,0,1.428906,23.83
11-009-1-14,Fraser,0,46.5839,24.8447,0,0,0.702193,23.83
11-009-1-15,Fraser,16,8,24,0,0,1.280878,23.83
11-009-1-16,Fraser,17.4419,11.6279,5.814,11.6279,0,0.93264,23.83
11-009-1-2,Fraser,9.8522,9.8522,19.7044,4.9261,0,1.25183,23.83
11-009-1-3,Fraser,1.1765,0,11.7647,11.7647,0,0.812695,23.83
11-009-1-5,Fraser,41.1523,0.4115,12.3457,8.2305,0,1.013993,23.83
11-009-1-6,Fraser,80,0,0,0,0,1.050648,23.83
11-009-1-7,Fraser,0.4808,48.0769,4.8077,4.8077,0,0.962813,23.83
11-009-1-9,Fraser,54.0541,0,27.027,0,0,1.155308,23.83
11-009-2-4,Fraser,0,0,0,0,0,0.582389,23.83
11-009-2-8,Fraser,0,0,0,0,0,0.950109,23.83
11-010-1-1,Fraser,6.3694,NA,0.6369,0,0,0.849061,22.79
11-010-1-2,Fraser,21.5827,NA,1.4388,7.1942,0,0.749609,22.79
11-010-1-3,Fraser,8.5837,NA,0,0,0,1.04914,22.79
11-010-1-4,Fraser,3.8217,NA,3.8217,0,0,0.880156,22.79
11-010-1-5,Fraser,30.1724,NA,8.6207,0,0,1.038985,22.79
11-010-1-6,Fraser,18.1818,NA,1.8182,0,0,0.708518,22.79
11-010-1-7,Fraser,12.2951,NA,4.0984,1.6393,0,0.838674,22.79
11-010-2-1,Fraser,0,NA,0,0,0,0.529687,22.79
11-010-2-2,Fraser,80,NA,0,0,0,0.429531,22.79
11-010-2-3,Fraser,77.7778,NA,0,0,0,0.459453,22.79
11-012-A-1-01,Fraser,73.1707,0,0,0,0,0.839806,18.31
11-012-A-1-02,Fraser,0,9.3458,4.6729,80.3738,0,1.289848,18.31
11-012-A-1-03,Fraser,34.965,0,0.6993,0,0,1.610066,18.31
11-012-A-1-04,Fraser,49.635,2.1898,0.365,10.9489,0,1.180131,18.31
11-012-A-1-05,Fraser,0,0,8.0537,20.1342,0,1.679826,18.31
11-012-A-1-06,Fraser,0.8929,0,12.5,25,0,1.829377,18.31
11-012-A-1-07,Fraser,0,6.2016,0.7752,6.9767,0,1.360109,18.31
11-012-A-1-08,Fraser,0,0,0,86.5801,0,1.029412,18.31
11-012-A-1-09,Fraser,0,0,5.9524,14.2857,0,1.440066,18.31
11-012-A-1-10,Fraser,5.102,9.1837,8.1633,5.102,0,1.460043,18.31
11-012-A-1-11,Fraser,0,0,5.618,28.0899,0,1.44,18.31
11-012-A-1-12,Fraser,0,0,0,8.7719,0,1.139661,18.31
11-012-A-1-13,Fraser,23.9044,7.1713,0,6.3745,0,1.46,18.31
11-012-A-1-14,Fraser,0,0,2.5424,72.0339,0,1.440043,18.31
11-012-A-1-15,Fraser,0,0,4.8193,60.241,0,1.049893,18.31
11-012-A-1-16,Fraser,10.274,0,13.6986,0,0,1.9298,18.31
11-012-A-1-17,Fraser,7.5949,0,7.5949,56.962,0,1.429957,18.31
11-012-A-1-18,Fraser,19.8864,5.6818,5.1136,2.8409,0,1.639978,18.31
11-012-A-1-19,Fraser,51.8519,0,0.7407,17.7778,0,1.429914,18.31
11-012-A-1-20,Fraser,0,0,32.2581,38.7097,0,1.390022,18.31
11-012-A-1-21,Fraser,23.2558,0,6.2016,4.6512,0,1.349873,18.31
11-012-A-1-22,Fraser,0,15.6863,15.6863,11.7647,0,1.500088,18.31
11-012-A-1-23,Fraser,18.9573,0,0,5.6872,0,1.969978,18.31
11-012-A-1-24,Fraser,0,7.8947,6.1404,1.7544,0,1.580045,18.31
11-012-A-1-25,Fraser,0,0,7.3607,68.3491,0,1.500132,18.31
11-012-B-1-01,Fraser,0.4695,0,0,84.507,0,1.289744,18.36
11-012-B-1-02,Fraser,32.0346,0,0,2.5974,0,0.929954,18.36
11-012-B-1-03,Fraser,8.046,13.7931,0,51.7241,0,1.13993,18.36
11-012-B-1-04,Fraser,0.9852,0,0,41.3793,0,0.940069,18.36
11-012-B-1-05,Fraser,54.0826,0,0,0,0,1.07007,18.36
11-012-B-1-06,Fraser,77.9817,0,0,0,0,1.189722,18.36
11-012-B-1-07,Fraser,3.681,0,0,1.227,0,1.190296,18.36
11-012-B-1-08,Fraser,67.0391,0,0,3.352,0,0.78025,18.36
11-012-B-1-09,Fraser,32.4561,0,0,0,0,1.140046,18.36
11-012-B-1-10,Fraser,62.1469,0,0,28.2486,0,1.029862,18.36
11-012-B-1-12,Fraser,19.2982,3.5088,1.7544,39.4737,0,1.1,18.36
11-012-B-1-13,Fraser,22.3048,0,0,0,0,1.079909,18.36
11-012-B-1-14,Fraser,20.7317,0,0,6.5041,0,1.100023,18.36
11-012-B-1-15,Fraser,6.1728,0,0,0,0,1.220047,18.36
11-013-1-01,Fraser,NA,NA,6.25,2.0833,0,1.180172,20.93
11-013-1-02,Fraser,NA,NA,0,0,0,0.990288,20.93
11-013-1-03,Fraser,NA,NA,1.1364,0,0,1.203251,20.93
11-013-1-04,Fraser,NA,NA,1.227,0,0,1.972358,20.93
11-013-1-05,Fraser,NA,NA,0,0,0,1.661828,20.93
11-013-1-06,Fraser,NA,NA,0,0,0,1.071819,20.93
11-013-1-07,Fraser,NA,NA,4.3956,0,0,0.780644,20.93
11-013-1-08,Fraser,NA,NA,5.9113,0,0,0.810351,20.93
11-013-1-09,Fraser,NA,NA,4.0816,0,0,1.25169,20.93
11-013-1-10,Fraser,NA,NA,2.7027,0,0,1.612065,20.93
11-013-1-11,Fraser,NA,NA,1.2048,0,0,2.761378,20.93
11-013-1-12,Fraser,NA,NA,0,0,0,1.602415,20.93
11-013-1-13,Fraser,NA,NA,9.6154,5.7692,0,0.950288,20.93
11-013-1-14,Fraser,NA,NA,1.2048,0,0,1.230232,20.93
11-013-1-15,Fraser,NA,NA,1.8349,0,0,0.999826,20.93
11-013-1-16,Fraser,NA,NA,3.5294,0,0,1.32,20.93
11-013-1-17,Fraser,NA,NA,12,0,0,1.120752,20.93
11-013-1-18,Fraser,NA,NA,7.2464,0,0,1.120173,20.93
11-013-2-01,Fraser,NA,NA,0,0,0,0.470521,20.93
11-013-2-02,Fraser,NA,NA,0,0,0,0.420058,20.93
11-013-2-03,Fraser,NA,NA,0,0,0,0.490406,20.93
11-013-2-04,Fraser,NA,NA,0,0,0,1.310356,20.93
11-013-2-05,Fraser,NA,NA,0,0,0,0.57,20.93
11-013-2-06,Fraser,NA,NA,0,0,0,0.730533,20.93
11-014-1-1,Fraser,35.7143,NA,3.5714,NA,0,1.03965,22.54
11-014-1-2,Fraser,41.6667,NA,20.8333,NA,0,1.030438,22.54
11-014-1-3,Fraser,10,NA,10,NA,0,0.910351,22.54
12-001-1-01,Fraser,NA,0,9.434,61.3208,0,1.309634,24.21
12-001-1-02,Fraser,NA,16.1943,1.6194,0,0,1.13951,24.21
12-001-1-03,Fraser,NA,0,0,95.2381,0,1.580245,24.21
12-001-1-04,Fraser,NA,0,17.3554,49.5868,0,1.189755,24.21
12-001-1-05,Fraser,NA,0,0,36.0825,0,1.201351,24.21
12-001-1-06,Fraser,NA,0,14.346,0,0,1.570245,24.21
12-001-1-07,Fraser,NA,5.7143,2.8571,85.7143,0,1.099511,24.21
12-001-1-08,Fraser,NA,10,0,33.3333,0,1.149877,24.21
12-001-1-09,Fraser,NA,16.129,12.9032,24.1935,0,1.771344,24.21
12-001-1-10,Fraser,NA,0,2.5806,1.2903,0,1.410859,24.21
12-001-1-11,Fraser,NA,0,0,86.4198,0,1.509755,24.21
12-001-1-12,Fraser,NA,0,0.8696,0.8696,0,1.418159,24.21
12-001-1-13,Fraser,NA,0,8.5106,4.2553,0,1.660367,24.21
12-001-1-14,Fraser,NA,7.9422,1.444,2.1661,0,1.020613,24.21
12-001-1-15,Fraser,NA,5.5556,0,41.1111,0,1.27049,24.21
12-003-1-1,Fraser,0.3378,NA,3.3784,84.4595,0,0.998758,23.21
12-003-1-10,Fraser,4.5386,NA,0,51.4372,0,0.706365,23.21
12-003-1-2,Fraser,0,NA,10.4167,52.0833,0,0.858756,23.21
12-003-1-3,Fraser,48.7805,NA,0,12.1951,0,1.288761,23.21
12-003-1-4,Fraser,7.764,NA,0,77.6398,0,1.158874,23.21
12-003-1-5,Fraser,57.0342,NA,7.6046,19.0114,0,1.577849,23.21
12-003-1-6,Fraser,0,NA,0,57.0613,0,1.028763,23.21
12-003-1-7,Fraser,3.5651,NA,0,49.9109,0,0.83659,23.21
12-003-1-8,Fraser,85.7143,NA,0,14.2857,0,0.52761,23.21
12-003-1-9,Fraser,47.619,NA,2.381,40.4762,0,1.75728,23.21
12-004-1-01,Fraser,NA,0,3.5714,0,39.2857,0.91042906,21.31
12-004-1-02,Fraser,NA,0,5.4645,3.2787,0,1.170425653,21.31
12-004-1-03,Fraser,NA,0,5.6872,2.8436,0,0.799826562,21.31
12-004-1-05,Fraser,NA,0,0,1.626,0,0.650514245,21.31
12-004-1-09,Fraser,NA,0,4.8583,0,0,0.870514631,21.31
12-004-1-10,Fraser,NA,0,1.4706,0,0,0.829827189,21.31
12-004-1-11,Fraser,NA,0,0,0,0,0.789741039,21.31
12-004-1-13,Fraser,NA,0,0,0,0,0.569826782,21.31
12-004-1-14,Fraser,NA,0,1.1236,4.4944,0,0.70991385,21.31
12-004-1-16,Fraser,NA,20.6522,15.2174,0,0,0.279144704,21.31
12-004-1-18,Fraser,NA,0,0,0,0,1.029143691,21.31
12-004-1-20,Fraser,NA,0,0,42.735,0,1.902108669,21.31
12-004-1-21,Fraser,NA,0,0,61.6114,0,1.020256877,21.31
12-004-1-22,Fraser,NA,0,0,0,0,0.969828606,21.31
12-004-1-24,Fraser,NA,0,0,25,0,0.661858797,21.31
12-004-1-25,Fraser,NA,0,1.476,0,0,1.399999976,21.31
12-004-1-26,Fraser,NA,0,4.8077,9.6154,0,0.539914072,21.31
12-004-1-27,Fraser,NA,0,0,13.9535,0,1.651283503,21.31
12-004-1-28,Fraser,NA,0,0.8065,0,0,0.670000017,21.31
12-004-1-30,Fraser,NA,0,0,79.7546,0,1.140681624,21.31
12-004-1-31,Fraser,NA,0,0,0,0,0.650171757,21.31
12-004-1-33,Fraser,NA,0,0,0,0,1.501197696,21.31
12-004-1-35,Fraser,NA,0,4.2373,0,0,0.449654579,21.31
12-004-1-36,Fraser,NA,0,4.1152,0,0,1.060339928,21.31
12-004-1-39,Fraser,NA,0,0,0,0,1.092054129,21.31
12-004-1-40,Fraser,NA,0,0,0,0,0.969828486,21.31
12-004-1-41,Fraser,NA,0,0.5797,0,0,0.929743528,21.31
12-004-1-45,Fraser,NA,47.619,0,30.303,0,1.219830632,21.31
12-004-2-04,Fraser,NA,0,50,0,0,0.350852102,21.31
12-004-2-06,Fraser,NA,0,0,0,0,0.231199935,21.31
12-004-2-07,Fraser,NA,0,0,0,0,0.540778399,21.31
12-004-2-08,Fraser,NA,0,0,0,0,0.219233647,21.31
12-004-2-15,Fraser,NA,0,0,0,0,0.449999988,21.31
12-004-2-23,Fraser,NA,0,0,0,0,0.108729057,21.31
12-004-2-29,Fraser,NA,0,0,0,0,0.18008469,21.31
12-004-2-32,Fraser,NA,0,0,0,0,0.299310803,21.31
12-004-2-34,Fraser,NA,0,0,0,0,0.439999998,21.31
12-004-2-37,Fraser,NA,0,0,0,0,0.189999998,21.31
12-004-2-38,Fraser,NA,0,0,0,0,0.379654914,21.31
12-007-1-1,Fraser,NA,0,0,0,0,0.939692497,21.03
12-007-1-10,Fraser,NA,0,0,0,0,1.029999971,21.03
12-007-1-11,Fraser,NA,0,2.0202,0,0,1.049922347,21.03
12-007-1-2,Fraser,NA,0,0,0,0,0.960154057,21.03
12-007-1-3,Fraser,NA,0,0,21.5054,0,0.970385551,21.03
12-007-1-4,Fraser,NA,0,0,0,0,1.089922667,21.03
12-007-1-5,Fraser,NA,0,0,0,0,1.130232453,21.03
12-007-1-6,Fraser,NA,0,0,0,0,1.150309682,21.03
12-007-1-7,Fraser,NA,0,0,0,0,1.040232539,21.03
12-007-1-8,Fraser,NA,0,0,0,0,1.249922633,21.03
12-007-1-9,Fraser,NA,0,0,0,0,0.790000021,21.03
12-007-2-1,Fraser,NA,0,0,0,0,0.649691761,21.03
12-007-2-2,Fraser,NA,0,20,0,0,0.860388339,21.03
12-007-2-3,Fraser,NA,19.6078,0,0,0,0.910465181,21.03
12-007-2-4,Fraser,NA,0,0,0,0,0.730154276,21.03
12-007-2-5,Fraser,NA,0,0,1.1364,0,0.89061892,21.03
12-007-2-6,Fraser,NA,0,0,0,0,0.999922395,21.03
13-001-1-1,Fraser,0.4184,0,0,4.1841,0,1.920113444,24.69
13-001-1-2,Fraser,8.2305,0,0,9.8765,0,1.389999986,24.69
13-001-1-3,Fraser,6.1728,0,6.1728,10.4938,0,2.129885912,24.69
13-001-1-4,Fraser,2.6549,0,0,17.6991,0,2.898398161,24.69
13-001-1-5,Fraser,0,2.2059,0,0,0,1.580000043,24.69
13-001-1-6,Fraser,19.0476,0,0.9524,2.8571,0,3.479200602,24.69
13-001-1-7,Fraser,28.7356,0,2.2989,11.4943,0,3.041597605,24.69
13-002-1-1,Fraser,0,12.3711,41.2371,0,0,1.249301,26.56
13-002-1-10,Fraser,0,8.2645,41.3223,8.2645,41.3223,1.079576,26.56
13-002-1-101,Fraser,0,0,0,0,0,1.070562,26.56
13-002-1-102,Fraser,0,0,61.8375,0.1767,0,0.7,26.56
13-002-1-103,Fraser,0,25,25,0,0,1.160991,26.56
13-002-1-105,Fraser,0,25,8.3333,0,0,1.64,26.56
13-002-1-109,Fraser,0,38.4615,30.7692,0,0,0.840141,26.56
13-002-1-11,Fraser,0,4.6083,23.0415,0,0,0.981426,26.56
13-002-1-112,Fraser,4.902,0,9.8039,0,0,0.579423,26.56
13-002-1-114,Fraser,0,0,0,0,0,0.489424,26.56
13-002-1-120,Fraser,0,0,0,0,0,0.37899,26.56
13-002-1-122,Fraser,0,0,0,0,0,0.330866,26.56
13-002-1-123,Fraser,0,0,0,0,0,0.069714,26.56
13-002-1-124,Fraser,0,0,0,0,0,0.610286,26.56
13-002-1-125,Fraser,0,0,3.1746,0,0,1.039571,26.56
13-002-1-126,Fraser,0,0,94.1423,0,0,0.780423,26.56
13-002-1-13,Fraser,0,65.1042,2.6042,0,0,0.559429,26.56
13-002-1-15,Fraser,0,0,0,0,0,0.669857,26.56
13-002-1-16,Fraser,0,0,2.2989,0,0,0.371425,26.56
13-002-1-19,Fraser,0,0,1.3966,0,0,0.870286,26.56
13-002-1-202,Fraser,0,0,0,0,50,1.099278,26.56
13-002-1-3,Fraser,0,0,20,0,75,1.370144,26.56
13-002-1-7,Fraser,0,11.4943,34.4828,0.2299,0,0.540143,26.56
13-002-1-8,Fraser,0,0,48.8281,0,0,0.66,26.56
13-002-2-101,Fraser,0,0,41.0959,0,0,1.130432,26.56
13-002-2-106,Fraser,0,0,0,0,0,0.420425,26.56
13-002-2-107,Fraser,0,0,0,0,0,1.329424,26.56
13-002-2-108,Fraser,0,0,46.5116,0,0,0.670145,26.56
13-002-2-110,Fraser,0,0,0,0,0,-0.3784,26.56
13-002-2-117,Fraser,0,0,0,0,0,0.339712,26.56
13-002-2-118,Fraser,0,0,0,0,0,0.43971,26.56
13-002-2-127,Fraser,0,0,0,0,0,0.479566,26.56
13-002-2-4,Fraser,0,0,1.171,0,0,0.39,26.56
13-002-2-5,Fraser,0,0,0,0,0,0.29,26.56
13-002-2-9,Fraser,0,0,0,0,0,0.34043,26.56
13-003-1-01,Fraser,13.9211,0,6.9606,4.6404,0,1.56,32.37
13-003-1-02,Fraser,0,0,2.1645,0.2165,0,1.38,32.37
13-003-1-03,Fraser,3.8462,0,3.8462,0,0,1.53,32.37
13-003-1-04,Fraser,0,0,0,0.9434,0,1.54,32.37
13-003-1-05,Fraser,0,0,28.5714,2.8571,0,1.32,32.37
13-003-1-06,Fraser,0,0,8.0128,1.6026,0,0.87,32.37
13-003-1-21,Fraser,0,0.6329,18.9873,6.3291,0,1.64,32.37
13-003-1-22,Fraser,0,0,1.3245,2.649,0,1.35,32.37
13-003-1-23,Fraser,51.3699,0,3.4247,3.4247,0,1.51,32.37
13-003-1-24,Fraser,0,0,1.1481,0,0,1.55,32.37
13-003-1-25,Fraser,0,0,14.7783,4.9261,0,1.53,32.37
13-003-1-26,Fraser,75.594,0,2.1598,2.1598,0,1.34,32.37
13-005-1-1,Fraser,NA,0,9.7744,NA,0,1.249239206,24.11
13-005-1-10,Fraser,NA,0,0,NA,0,1.089015841,24.11
13-005-1-11,Fraser,NA,0,4.386,NA,0,1.420544982,24.11
13-005-1-12,Fraser,NA,0,0,NA,0,0.980652034,24.11
13-005-1-13,Fraser,NA,8.9286,8.9286,NA,0,1.180652976,24.11
13-005-1-14,Fraser,NA,2.3256,0,NA,0,1.201416969,24.11
13-005-1-2,Fraser,NA,0,5.291,NA,0,1.1507622,24.11
13-005-1-3,Fraser,NA,0,4.2017,NA,0,1.180980802,24.11
13-005-1-4,Fraser,NA,0,7.6336,NA,0,1.059563756,24.11
13-005-1-5,Fraser,NA,19.9203,6.3745,NA,0,1.060546637,24.11
13-005-1-6,Fraser,NA,28.169,0,NA,0,0.949890733,24.11
13-005-1-7,Fraser,NA,0,6.5217,NA,0,1.100763083,24.11
13-005-1-8,Fraser,NA,0,0,NA,0,1.181959271,24.11
13-005-1-9,Fraser,NA,0,0,NA,0,1.159347773,24.11
13-010-1-01,Fraser,0,0,0,0,0,0.919891119,28.17
13-010-1-02,Fraser,0,0,8.6957,0,0,1.25,28.17
13-010-1-03,Fraser,0,0,0,0,0,1.070000052,28.17
13-010-1-04,Fraser,0,1.3333,0.6667,1.3333,0,0.889999986,28.17
13-010-1-05,Fraser,0,0,0,0,0,1.200000048,28.17
13-010-1-06,Fraser,0,0,2.4691,0,0,1.25,28.17
13-010-1-07,Fraser,0,0,0,0,0,1.460000038,28.17
13-010-1-08,Fraser,5.2632,7.8947,0,0,0,1.039999962,28.17
13-010-1-09,Fraser,0,0,0,0,0,1.629999995,28.17
13-010-1-10,Fraser,0,0,0,0,0,0.970000029,28.17
13-010-1-11,Fraser,0,0,0,0,0,1.129999995,28.17
13-010-1-12,Fraser,0,0,0,0,0,1.230000019,28.17
13-010-1-13,Fraser,0,0,0,0,0,1.50999999,28.17
13-010-1-14,Fraser,0,7.0175,0,0,0,1.279999971,28.17
13-010-1-15,Fraser,0,0,0,0,0,1.549999952,28.17
13-012-A-1-1,Fraser,1.0363,8.2902,0,3.1088,0,1.24000001,28.58
13-012-A-1-10,Fraser,0,0,14.8148,0,0,1.25999999,28.58
13-012-A-1-11,Fraser,0,2.7211,0.6803,29.932,0,0.99000001,28.58
13-012-A-1-12,Fraser,0,0,0.7353,0,0,1.159999967,28.58
13-012-A-1-13,Fraser,0,0,5.7143,0,0,1.220000029,28.58
13-012-A-1-14,Fraser,0,0,0,0,0,1.059999943,28.58
13-012-A-1-15,Fraser,0.6849,0,0,1.3699,0,1.100000024,28.58
13-012-A-1-16,Fraser,6.6667,0,0,0,0,1.210000038,28.58
13-012-A-1-17,Fraser,4.1958,0,0,16.7832,0,1.120000005,28.58
13-012-A-1-18,Fraser,5.5172,0,0,1.3793,0,1.110000014,28.58
13-012-A-1-19,Fraser,3.3557,0,2.6846,0,0,1.639999986,28.58
13-012-A-1-2,Fraser,14.6667,4,2.6667,1.3333,0,1.340000033,28.58
13-012-A-1-20,Fraser,0,0,0,5.3571,0,1.039999962,28.58
13-012-A-1-3,Fraser,9.5238,0,5.4422,4.0816,0,1.600000024,28.58
13-012-A-1-4,Fraser,2.9703,0,3.9604,9.901,0,1.5,28.58
13-012-A-1-5,Fraser,0.8547,1.7094,0,6.8376,0,1.059999943,28.58
13-012-A-1-6,Fraser,6.6667,18.8889,0.5556,12.2222,0,1.049999952,28.58
13-012-A-1-7,Fraser,0,0,1.6949,0,0,1,28.58
13-012-A-1-8,Fraser,0.4237,0,0.8475,1.6949,0,1.159999967,28.58
13-012-A-1-9,Fraser,2.7027,24.3243,2.7027,0,0,1.120000005,28.58
13-012-B-1-01,Fraser,24.7059,0,0,24.7059,0,1.00999999,28.74
13-012-B-1-02,Fraser,0,1.5385,3.0769,3.0769,0,1.580000043,28.74
13-012-B-1-03,Fraser,0,0,0,6.422,0,1.350000024,28.74
13-012-B-1-04,Fraser,0,0,0.625,3.75,0,1.480000019,28.74
13-012-B-1-05,Fraser,0,0,18.5185,12.3457,0,1.210000038,28.74
13-012-B-1-06,Fraser,0,0,5.5556,15.5556,0,1.799999952,28.74
13-012-B-1-07,Fraser,0,0,0,2.4096,0,1.5,28.74
13-012-B-1-08,Fraser,0,2.6087,0.4348,7.8261,0,1.730000019,28.74
13-012-B-1-09,Fraser,0,0,3.0769,66.6667,0,1.850000024,28.74
13-012-B-1-10,Fraser,0,4.6296,0.463,5.5556,0,1.269999981,28.74
13-012-B-1-11,Fraser,0,10.3093,0,30.9278,0,1.289999962,28.74
13-012-B-1-12,Fraser,85.5556,0,0,0,0,1.179999948,28.74
13-012-B-1-13,Fraser,0,1.2821,0,10.2564,0,1.50999999,28.74
13-012-B-1-14,Fraser,0,0,0,42.8571,0,1.649999976,28.74
13-012-B-1-15,Fraser,0,13.5417,0,0,0,1.120000005,28.74
13-012-B-1-16,Fraser,0,2.2857,1.1429,17.1429,0,1.169999957,28.74
13-012-B-1-17,Fraser,0,0,15.625,34.375,0,0.959999979,28.74
13-012-B-1-18,Fraser,0,2.6316,0,5.2632,0,1.039999962,28.74
13-012-B-1-19,Fraser,0,6.1069,0,71.7557,0,1.210000038,28.74
13-016-2-1,Fraser,NA,NA,NA,NA,NA,0.42,29.23
13-016-2-2,Fraser,NA,NA,NA,NA,0,0.51,29.23
13-016-2-3,Fraser,NA,NA,NA,NA,NA,0.49,29.23
13-016-2-4,Fraser,NA,NA,NA,NA,NA,0.47,29.23
14-001-1-11,Fraser,0,NA,2.997,96.9031,0,1.82,37.47
14-001-1-13,Fraser,0,NA,0,0,0,1.03,37.47
14-001-1-16,Fraser,0.1147,NA,0,0,0,1.13,37.47
14-001-1-18,Fraser,0,NA,25.9067,10.3627,0,1.55,37.47
14-001-1-2,Fraser,0,NA,1.8149,98.0036,0,1.88,37.47
14-001-1-20,Fraser,0,NA,28.9017,11.5607,0,1.25,37.47
14-001-1-4,Fraser,0,NA,27.3224,32.7869,0,1.26,37.47
14-001-1-5,Fraser,0,NA,2.3202,97.4478,0,1.71,37.47
14-001-1-6,Fraser,0,NA,10.3627,2.5907,0,1.15,37.47
14-001-1-7,Fraser,0,NA,0,99.8573,0,1.79,37.47
14-004-1-1,Fraser,NA,0,NA,24.0964,0,2.078915358,46.92
14-004-1-10,Fraser,NA,28.5714,NA,71.4286,0,2.149864912,46.92
14-004-1-11,Fraser,NA,0,NA,87.3016,0,2.580106497,46.92
14-004-1-3,Fraser,NA,0,NA,79.7101,0,2.169866323,46.92
14-004-1-4,Fraser,NA,0,NA,85.7143,0,1.979946256,46.92
14-004-1-5,Fraser,NA,50,NA,50,0,2.200163126,46.92
14-004-1-6,Fraser,NA,6.6667,NA,93.3333,0,2.119999886,46.92
14-004-1-7,Fraser,NA,0,NA,89.2857,0,1.990026593,46.92
14-004-1-8,Fraser,NA,0,NA,96.7742,0,2.230160952,46.92
14-004-1-9,Fraser,NA,0,NA,93.75,0,2.080269337,46.92
14-004-2-1,Fraser,NA,0,NA,0,0,2.080269337,46.92
14-004-2-2,Fraser,NA,0,NA,0,0,1.75078392,46.92
14-004-2-2B,Fraser,NA,0,NA,87.5,0,2.080027103,46.92
14-004-2-3,Fraser,NA,0,NA,0,0,1.109736323,46.92
Alex_Fraser_North-1-1,Fraser,79.6178,3.1847,0.3185,0.3185,0,2.647555,21.36
Alex_Fraser_North-1-15,Fraser,98.1997,0,0,0,0,0.699099,21.36
Alex_Fraser_North-1-17,Fraser,86.9565,0,0,2.1739,0,0.659835,21.36
Alex_Fraser_North-1-19,Fraser,98.5222,0,0,0,0,0.670166,21.36
Alex_Fraser_North-1-2,Fraser,5.8309,0,0,72.8863,0,0.730412,21.36
Alex_Fraser_North-1-20,Fraser,98.1997,0,0,0,0,0.739589,21.36
Alex_Fraser_North-1-21,Fraser,41.6667,0,0,0,0,0.489583,21.36
Alex_Fraser_North-1-22,Fraser,0.7407,0,0,0,0,0.590083,21.36
Alex_Fraser_North-1-24,Fraser,0,0,0,0,0,0.46,21.36
Alex_Fraser_North-1-25,Fraser,27.7778,0,0,2.7778,0,0.439833,21.36
Alex_Fraser_North-1-27,Fraser,41.0959,0,0,0,0,0.609833,21.36
Alex_Fraser_North-1-28,Fraser,42.2535,0,0,0,0,0.320833,21.36
Alex_Fraser_North-1-29,Fraser,2.5641,0,2.5641,2.5641,0,0.43,21.36
Alex_Fraser_North-1-3,Fraser,95.7447,0,0,0,0,0.23033,21.36
Alex_Fraser_North-1-31,Fraser,0,0,0,1.5152,0,0.49975,21.36
Alex_Fraser_North-1-32,Fraser,0,0,0,0,0,0.659081,21.36
Alex_Fraser_North-1-33,Fraser,0,0,0,0,0,0.56,21.36
Alex_Fraser_North-1-34,Fraser,0,0,0,0,0,0.54,21.36
Alex_Fraser_North-1-4,Fraser,99.734,0,0,0,0,0.620329,21.36
Alex_Fraser_North-1-5,Fraser,54.2169,0,0,30.1205,0,0.699835,21.36
Alex_Fraser_North-1-6,Fraser,88.7097,0,0,0,0,0.490082,21.36
Alex_Fraser_North-1-7,Fraser,99.7783,0,0,0,0,0.629918,21.36
Alex_Fraser_North-1-9,Fraser,99.7506,0,0,0,0,0.770164,21.36
Alex_Fraser_North-2-10,Fraser,0,0,0,0,0,0.700415,21.36
Alex_Fraser_North-2-11,Fraser,0,0,0,0,0,0.85,21.36
Alex_Fraser_North-2-12,Fraser,0,0,0,0,0,0.539917,21.36
Alex_Fraser_North-2-13,Fraser,0,0,0,97.0874,0,0.639836,21.36
Alex_Fraser_North-2-14,Fraser,0,0,0,0,0,0.440165,21.36
Alex_Fraser_North-2-18,Fraser,0,0,0,0,0,0.509834,21.36
Alex_Fraser_North-2-8,Fraser,24.3902,0,0,0,0,0.580083,21.36
Eburne_Slough-1-1,Fraser,0,NA,0.0999,0,0,1.21,5.95
Eburne_Slough-1-11,Fraser,0,NA,0.2488,0,0,1.05,5.95
Eburne_Slough-1-13,Fraser,0,NA,0,0.105,0,1.48,5.95
Eburne_Slough-1-14,Fraser,0,NA,0,33.1126,0,1.82,5.95
Eburne_Slough-1-16,Fraser,4.9456,NA,0.9891,0,0,1.64,5.95
Eburne_Slough-1-3,Fraser,0,NA,0.1783,0,0,1.79,5.95
Eburne_Slough-1-4,Fraser,0,NA,1.3158,19.7368,0,1.66,5.95
Eburne_Slough-1-5,Fraser,0,NA,0.1416,0.1416,0,0.77,5.95
Eburne_Slough-2-1,Fraser,0,NA,0,0,0,0.75,5.95
Eburne_Slough-2-10,Fraser,0,NA,6.6667,0,0,0.69,5.95
Eburne_Slough-2-14,Fraser,0,NA,0,0,0,0.31,5.95
Eburne_Slough-2-15,Fraser,0,NA,0,0,0,1.01,5.95
Eburne_Slough-2-17,Fraser,0,NA,4,0,0,1.46,5.95
Eburne_Slough-2-19,Fraser,0,NA,3.8462,0,0,0.37,5.95
Eburne_Slough-2-4,Fraser,0,NA,0,0,0,0.8,5.95
Frenchies-1-1-02A,Fraser,NA,8.7719,0.4386,2.193,87.7193,1.277892,7.64
Frenchies-1-1-03A,Fraser,NA,0,0,0,85.6164,0.285922,7.64
Frenchies-1-2-01A,Fraser,NA,0,3.2258,0,96.7742,1.210282,7.64
Frenchies-1-2-02A,Fraser,NA,0,7.1429,35.7143,50,1.664748,7.64
Frenchies-1-3-01B,Fraser,NA,0,7.1429,0,89.2857,0.895249,7.64
Frenchies-1-3-03A,Fraser,NA,0,22.7273,9.0909,45.4545,1.414087,7.64
Frenchies-1-3-04A,Fraser,NA,0,0,0,100,1.341315,7.64
Frenchies-1-4-02A,Fraser,NA,0,0,0,98.3607,1.42015,7.64
Frenchies-1-4-03A,Fraser,NA,14.2857,0,0,85.7143,1.50131,7.64
Frenchies-1-5-01B,Fraser,NA,0,50,0,30,1.85672,7.64
Frenchies-1-5-02B,Fraser,NA,0,1.9608,0,98.0392,1.394763,7.64
Frenchies-1-5-03B,Fraser,NA,0,0,0,82.6446,0.590657,7.64
Frenchies-1-7-03A,Fraser,NA,0,38.4615,7.6923,53.8462,1.291312,7.64
Frenchies-1-7-04A,Fraser,NA,0,0,0,98.7654,0.417885,7.64
Frenchies-1-8-01A,Fraser,NA,0,0,0,96.1538,0.510654,7.64
Frenchies-1-8-02B,Fraser,NA,0,7.4627,0,89.5522,1.968038,7.64
Frenchies-1-8-03B,Fraser,NA,0,0,0,96.6184,0.640854,7.64
Frenchies-1-8-04B,Fraser,NA,0,37.5,0,25,1.361311,7.64
Frenchies-1-9-03A,Fraser,NA,0,13.0435,0,86.9565,1.189346,7.64
Frenchies-1-9-04A,Fraser,NA,0,0,0,83.3333,1.219347,7.64
Glenrose down-1-01,Fraser,90,NA,0,0,2,1.039912,21.55
Glenrose down-1-04,Fraser,56.266,NA,0,43.4783,0,0.830267,21.55
Glenrose down-1-06,Fraser,96.6767,NA,0,0,0,0.849824,21.55
Glenrose down-1-07,Fraser,93.3333,NA,0,0,0,1.119558,21.55
Glenrose down-1-08,Fraser,53.7634,NA,0,0,0,0.879912,21.55
Glenrose down-1-09,Fraser,77.5862,NA,0,0,0,0.809732,21.55
Glenrose down-1-10,Fraser,28.5714,NA,0,0,0,0.889554,21.55
Glenrose down-1-11,Fraser,17.6471,NA,0,0,0,1.378944,21.55
Glenrose down-1-13,Fraser,66.9413,NA,0,0,0,0.999555,21.55
Glenrose down-1-15,Fraser,95.7592,NA,1.368,0,0,0.949647,21.55
Glenrose down-1-16,Fraser,50,NA,0,0,0,0.968841,21.55
Glenrose down-1-17,Fraser,76.4706,NA,0,0,0,0.87947,21.55
Glenrose down-1-18,Fraser,89.4188,NA,5.9613,0,0,0.849733,21.55
Glenrose down-1-20,Fraser,0.1052,NA,0,0,0,0.999293,21.55
Glenrose upstream-1-01,Fraser,0,NA,1.0417,10.4167,0,0.699249,21.94
Glenrose upstream-1-02,Fraser,0.1052,NA,0,0,0,2.647065,21.94
Glenrose upstream-1-03,Fraser,0,NA,0,0,0,1.03111,21.94
Glenrose upstream-1-04,Fraser,31.25,NA,1.5625,0,0,NA,21.94
Glenrose upstream-1-05,Fraser,2.6667,NA,0,0.2667,0,3.419717,21.94
Glenrose upstream-1-06,Fraser,13.5135,NA,0,13.5135,0,2.778212,21.94
Glenrose upstream-1-07,Fraser,2.7778,NA,0,0,0,0.909437,21.94
Glenrose upstream-1-08,Fraser,0,NA,0,0,0,0.749814,21.94
Glenrose upstream-1-09,Fraser,0.1953,NA,0,0,0,0.669907,21.94
Glenrose upstream-1-10,Fraser,0,NA,0,26.4317,0,1.496331,21.94
Glenrose upstream-1-11,Fraser,39.2157,NA,0,9.8039,0,1.049244,21.94
Glenrose upstream-1-12,Fraser,0,NA,0.6024,0.6024,0,0.959343,21.94
Glenrose upstream-1-13,Fraser,52.6316,NA,0,0,0,0.790093,21.94
Glenrose upstream-1-14,Fraser,8.9686,NA,8.9686,0,0,1.457856,21.94
Glenrose upstream-1-15,Fraser,0,NA,0,0.1733,0,NA,21.94
Glenrose upstream-1-16,Fraser,9.901,NA,0,0.495,0,NA,21.94
Glenrose upstream-1-17,Fraser,6.4851,NA,0,0.1297,0,0.669527,21.94
Glenrose upstream-1-18,Fraser,11.5741,NA,0,0.2315,0,0.969812,21.94
Glenrose upstream-1-19,Fraser,0,NA,0,0,0,1.796719,21.94
Glenrose upstream-1-20,Fraser,1.2346,NA,0,0,0,1.009531,21.94
Glenrose upstream-1-21,Fraser,4,NA,0,0,0,NA,21.94
Gunderson-1-10,Fraser,1.0638,0,1.0638,0,0,0.779891,22.91
Gunderson-1-13,Fraser,0,0,0,0,0,0.599891,22.91
Gunderson-1-14,Fraser,0,0,0,0,0,0.709892,22.91
Gunderson-1-16,Fraser,60.9756,0,4.065,4.065,0,0.559892,22.91
Gunderson-1-19,Fraser,2.4691,0,1.2346,61.7284,0,1.029341,22.91
Gunderson-1-2,Fraser,54.9451,0,0,0,0,1.419674,22.91
Gunderson-1-20,Fraser,9.9404,0,0.1988,79.5229,0,0.63,22.91
Gunderson-1-21,Fraser,79.4702,0,0,0,0,1.480983,22.91
Gunderson-1-22,Fraser,74.8503,0,0,0.2994,0,0.740108,22.91
Gunderson-1-23,Fraser,0,0,0,0,0,1.120108,22.91
Gunderson-1-24,Fraser,77.821,0,0.1946,0,0,NA,22.91
Gunderson-1-25,Fraser,0,0,0,0,0,NA,22.91
Gunderson-1-3,Fraser,78.4753,0.2242,4.4843,4.4843,0,0.729783,22.91
Gunderson-1-5,Fraser,0.2283,0,0.2283,91.3242,0,1.086949,22.91
Gunderson-1-6,Fraser,39.0805,0,2.2989,0,0,0.849892,22.91
Gunderson-2-11,Fraser,0,0,0,0,0,1.429891,22.91
Gunderson-2-4,Fraser,0,0,0,0,0,0.91011,22.91
Gunderson-2-7,Fraser,0,0,0,0,0,0.239564,22.91
Gunderson-2-8,Fraser,0,0,0,0,0,0.409565,22.91
Gunderson-2-9,Fraser,NA,NA,NA,NA,NA,-0.44087,22.91
REF-11-1-01,Fraser,96.3855,NA,0.241,0,0.241,1.042251,9.75
REF-11-1-02,Fraser,94.9367,NA,0,0,0,1.34281,9.75
REF-11-1-03,Fraser,85.6164,NA,0,6.8493,0,1.155075,9.75
REF-11-1-04,Fraser,0,NA,0,0,0,0.590563,9.75
REF-11-1-05,Fraser,0,NA,0,82.6446,0,0.27395,9.75
REF-11-1-06,Fraser,0,NA,0,25,0,1.371686,9.75
REF-11-1-07,Fraser,42.2297,NA,0.1689,42.2297,0,1.0062,9.75
REF-11-1-08,Fraser,0,NA,0,95.5414,0,0.500563,9.75
REF-11-1-09,Fraser,0,NA,0,48.7805,0,0.841688,9.75
REF-11-1-10,Fraser,0,NA,0.2028,8.1136,0,-0.11661,9.75
REF-11-1-11,Fraser,0,NA,0,0,0,1.161124,9.75
REF-11-1-12,Fraser,59.1327,NA,0,19.7109,0,1.14676,9.75
REF-11-1-13,Fraser,95.4198,NA,3.8168,0,0,0.781127,9.75
REF-11-1-14,Fraser,93.4579,NA,0,0,0,1.35,9.75
REF-11-1-15,Fraser,0,NA,0,90.0901,0,1.35169,9.75
REF-11-1-16,Fraser,0,NA,0,92.7152,6.6225,0.992814,9.75
REF-11-1-17,Fraser,0,NA,0,81.9672,0,1.161686,9.75
REF-11-1-18,Fraser,0,NA,0,93.1677,0,1.17,9.75
REF-11-1-19,Fraser,0,NA,0,98.6842,0,1.53,9.75
REF-11-1-20,Fraser,0,NA,0,2.7701,0,0.969438,9.75
Ref-17-1-1,Fraser,NA,0,3.2362,0,0,0.918569,2.49
Ref-17-1-10,Fraser,NA,1.0395,2.079,95.6341,0,1.310283,2.49
Ref-17-1-11,Fraser,NA,0,1.4006,95.2381,0,1.879295,2.49
Ref-17-1-12,Fraser,NA,0,2.2124,88.4956,0,1.240142,2.49
Ref-17-1-13,Fraser,NA,0,5.3121,87.6494,0,0.412872,2.49
Ref-17-1-15,Fraser,NA,0,7.4074,88.8889,0,1.421278,2.49
Ref-17-1-16,Fraser,NA,0,4.3478,43.4783,0,1.420713,2.49
Ref-17-1-17,Fraser,NA,0,0,99.8981,0,1.387058,2.49
Ref-17-1-18,Fraser,NA,0,3.148,92.34,0,1.590846,2.49
Ref-17-1-2,Fraser,NA,0,0,97.0149,0,1.020979,2.49
Ref-17-1-20,Fraser,NA,0,3.0242,1.0081,0,0.931563,2.49
Ref-17-1-3,Fraser,NA,0,0,0,0,1.078434,2.49
Ref-17-1-4,Fraser,NA,0,2.9791,0,0,1.53071,2.49
Ref-17-1-5,Fraser,NA,0,3.1813,0.106,0,1.390561,2.49
Ref-17-1-6,Fraser,NA,0,2.3148,90.2778,0,1.769576,2.49
Ref-17-1-7,Fraser,NA,0,3.9947,2.6631,0,0.382432,2.49
Ref-17-1-8,Fraser,NA,0,22.2222,0,0,1.430712,2.49
Ref-17-1-9,Fraser,NA,21.7391,16.3043,0,0,0.879857,2.49
REF-2015-02-1-01,Fraser,0,1.8868,1.8868,NA,0,0.449999988,11.9
REF-2015-02-1-03,Fraser,1.3889,0,41.6667,NA,0,1.220000029,11.9
REF-2015-02-1-04,Fraser,80,0,4,0,0,1.309999943,11.9
REF-2015-02-1-05,Fraser,75.4717,0,0,0,0,0.349999994,11.9
REF-2015-02-1-06,Fraser,0,33.241,2.7701,0,0,0.300000012,11.9
REF-2015-02-1-07,Fraser,0,0,0,67.2043,0,1.25,11.9
REF-2015-02-1-08,Fraser,0,0,23.5294,29.4118,0,0.239999995,11.9
REF-2015-02-1-09,Fraser,24.0674,0,0,0,0,1.230000019,11.9
REF-2015-02-1-10,Fraser,26.2238,0,0,0,0,1.110000014,11.9
REF-2015-02-1-11,Fraser,9.7466,0,7.7973,0,0,1.24000001,11.9
REF-2015-02-1-13,Fraser,85.2273,0,0,0,0,0.829999983,11.9
REF-2015-02-1-15,Fraser,11.2782,0,0,0,0,0.819999993,11.9
REF-2015-02-1-17,Fraser,0,0,13.6986,0.3425,0,0.219999999,11.9
REF-2015-02-1-19,Fraser,0,0,0,0,0,0.349999994,11.9
REF-2015-02-1-20,Fraser,0.3401,0,13.6054,0.3401,0,0.090000004,11.9
REF-2015-02-1-21,Fraser,0.4505,0,4.5045,0.4505,0,1.149999976,11.9
REF-2015-02-1-22,Fraser,0,0,0.1362,6.812,0,1.039999962,11.9
REF-2015-02-1-23,Fraser,28.0374,14.0187,0,0,0,1.159999967,11.9
REF-2015-02-1-24,Fraser,0.6135,0,0,0.6135,0,1.24000001,11.9
REF-2015-02-1-25,Fraser,38.2409,0,0,0,0,0.49000001,11.9
REF-2015-02-2-01,Fraser,0,0,0,72.7273,0,0.200000003,11.9
REF-2015-02-2-02,Fraser,0,0,12.0846,0,0,0.01,11.9
REF-2015-02-2-03,Fraser,0.1055,0,0,0,0,0.119999997,11.9
REF-2015-02-2-04,Fraser,36.1011,0,7.2202,0.1805,0,-0.07,11.9
REF-2015-02-2-05,Fraser,1.5674,0,70.5329,0,0,-0.200000003,11.9
REF-2015-02-2-06,Fraser,10.2564,0,25.641,0,0,-0.159999996,11.9
REF-2015-02-2-07,Fraser,0,0,19.802,0,0,0.029999999,11.9
REF-2015-02-2-08,Fraser,9.0253,0,0,0.1805,0,-0.109999999,11.9
REF-2015-02-2-09,Fraser,0.1143,0,0,0,0,-0.059999999,11.9
REF-2015-02-2-10,Fraser,1.9417,0,5.8252,0,0,0.300000012,11.9
REF-2015-02-2-11,Fraser,0.2899,0.2899,0,5.7971,0,0.219999999,11.9
REF-2015-02-2-12,Fraser,0,0,1.0417,83.3333,0,0.090000004,11.9
REF-2015-02-2-13,Fraser,0,25,25,25,0,0.029999999,11.9
REF-2015-02-2-14,Fraser,0,0,0,83.9161,0,0.039999999,11.9
REF-2015-02-2-15,Fraser,0,0,2.0747,93.361,0,0.100000001,11.9
REF-2015-03-1-01,Fraser,0,2.7778,27.7778,27.7778,0,1.200000048,5.33
REF-2015-03-1-02,Fraser,0,0,0,0,0,1.25,5.33
REF-2015-03-1-03,Fraser,0,0,0,0,0,1.129999995,5.33
REF-2015-03-1-04,Fraser,0,0,0,1.7857,0,1.519999981,5.33
REF-2015-03-1-05,Fraser,4.8544,0,0,0,0,1.470000029,5.33
REF-2015-03-1-06,Fraser,NA,NA,1,0,0,1.179999948,5.33
REF-2015-03-1-07,Fraser,NA,NA,0,0,0,1.659999967,5.33
REF-2015-03-1-08,Fraser,NA,NA,0,0,0,1.370000005,5.33
REF-2015-03-1-09,Fraser,NA,NA,0,0,0,1.25,5.33
REF-2015-03-1-10,Fraser,NA,NA,0,0,0,1.399999976,5.33
REF-2015-03-1-12,Fraser,NA,NA,0,0,0,1.230000019,5.33
REF-2015-03-1-14,Fraser,NA,NA,0,0,0,1.470000029,5.33
REF-2015-03-1-15,Fraser,NA,NA,0,0,0,1.25,5.33
REF-2015-03-1-16,Fraser,NA,NA,0,0,0,1.389999986,5.33
REF-2015-03-1-17,Fraser,NA,NA,0,16.6667,0,1.269999981,5.33
REF-2015-03-1-18,Fraser,NA,NA,1.3158,0,0,1.440000057,5.33
REF-2015-03-1-19,Fraser,NA,NA,0,17.094,0,1.379999995,5.33
REF-2015-03-1-20,Fraser,NA,NA,0,0,0,1.289999962,5.33
REF-2015-03-1-21,Fraser,NA,NA,0,0,0,1.059999943,5.33
REF-2015-03-1-22,Fraser,NA,NA,0,0,0,1.370000005,5.33
REF-2015-03-1-23,Fraser,NA,NA,0,0,0,1.210000038,5.33
REF-2015-03-1-24,Fraser,NA,NA,0,0,0,1.230000019,5.33
REF-2015-03-1-25,Fraser,NA,NA,0,0,0,1.159999967,5.33
REF-2015-03-1-27,Fraser,NA,NA,0,0,0,1.360000014,5.33
REF-2015-03-1-28,Fraser,NA,NA,0.9756,0,0,0.99000001,5.33
REF-2015-05-1-01,Fraser,NA,NA,2.7778,0,0,0.640086949,5.64
REF-2015-05-1-03,Fraser,NA,NA,0,0,0,0.588032544,5.64
REF-2015-05-1-04,Fraser,NA,NA,0,0,0,0.760173678,5.64
REF-2015-05-1-05,Fraser,NA,NA,0,0,0,1.499273062,5.64
REF-2015-05-1-06,Fraser,NA,NA,0,0,0,1.350361824,5.64
REF-2015-05-1-07,Fraser,NA,NA,0,0,0,0.739261985,5.64
REF-2015-05-1-08,Fraser,NA,NA,0,0,0,1.14035964,5.64
REF-2015-05-1-09,Fraser,NA,NA,0,0,0,1.050350904,5.64
REF-2015-05-1-10,Fraser,NA,NA,0,0,0,0.650086045,5.64
REF-2015-05-1-11,Fraser,NA,NA,0,0,0,0.849533975,5.64
REF-2015-05-1-12,Fraser,NA,NA,0,0,0,0.710433602,5.64
REF-2015-05-1-13,Fraser,NA,NA,0,0,0,0.42206654,5.64
REF-2015-05-1-14,Fraser,NA,NA,0,0,0,0.910271585,5.64
REF-2015-05-1-15,Fraser,NA,NA,0,0,0,1.609467745,5.64
REF-2015-05-1-16,Fraser,NA,NA,0,0,0,0.262537777,5.64
REF-2015-05-1-17,Fraser,NA,0,0,0,0,0.660000026,5.64
REF-2015-05-1-18,Fraser,NA,0,9.1954,0,2.2989,1.061118126,5.64
REF-2015-05-1-19,Fraser,NA,0,2.4096,0,0,0.590172827,5.64
REF-2015-05-1-20,Fraser,NA,0,0.9901,0,0,0.629717827,5.64
REF-2015-05-1-21,Fraser,NA,0,16.0377,0,0,0.909091353,5.64
REF-2015-05-1-22,Fraser,NA,0,0,0.7634,0,0.800092578,5.64
REF-2015-05-1-23,Fraser,NA,2.7778,0,0,0.9259,1.430094123,5.64
REF-2015-05-1-24,Fraser,NA,0,3.7037,24.6914,0,0.590471745,5.64
REF-2015-05-1-25,Fraser,NA,0,0,0,0,1.380638242,5.64
REF-2015-05-1-26,Fraser,NA,0,10.7843,0,0.9804,0.719816267,5.64
REF-2015-05-1-27,Fraser,NA,0,0,0,0,1.440089583,5.64
REF-2015-05-1-28,Fraser,NA,0,11.4286,0,0,0.78008604,5.64
REF-2015-05-1-29,Fraser,NA,0,0,0,0,0.981439531,5.64
REF-2015-05-1-30,Fraser,NA,0,1.9608,0,0,0.740180671,5.64
REF-2015-05-1-31,Fraser,NA,0,0,0,1.8692,0.920255542,5.64
REF-2015-05-2-01,Fraser,NA,4.1379,31.7241,1.3793,0,0.219716415,5.64
REF-2015-05-2-02,Fraser,NA,0,0,31.3901,0,0.169905826,5.64
REF-2015-05-2-03,Fraser,NA,0,0,0,0,0.260093391,5.64
REF-2015-05-2-04,Fraser,NA,0,0.6061,0,0,0.270372838,5.64
REF-2015-05-2-05,Fraser,NA,0,0,0,0,0.249815747,5.64
REF-2015-05-2-06,Fraser,NA,0,5.1546,0,0,0.339723974,5.64
REF-2015-05-2-07,Fraser,NA,0,2.1053,0,0,0.350091636,5.64
REF-2015-05-2-08,Fraser,NA,0,0,0,0,0.180000007,5.64
REF-2015-05-2-09,Fraser,NA,0,0.9709,0,0,0.229819462,5.64
REF-2015-05-2-10,Fraser,NA,0,0.9901,0,0,0.359729737,5.64
REF-2015-05-2-11,Fraser,0,0,0,0,0,0.279910505,5.64
REF-2015-05-2-12,Fraser,0,0,0,0,0,0.239374831,5.64
REF-2015-05-2-13,Fraser,0,0,0,0,0,0.44910869,5.64
REF-2015-05-2-14,Fraser,2.9851,0,0,0,0,0.309911102,5.64
REF-2015-05-2-15,Fraser,32.7869,0,0,0,0,0.08008787,5.64
REF-2015-05-2-16,Fraser,41.8605,0,0.7752,0,0,0.24096261,5.64
REF-2015-05-2-17,Fraser,0,3.4884,3.4884,93.0233,0,0.219999999,5.64
REF-2015-05-2-18,Fraser,9.8039,0,0,0,0,0.330174059,5.64
REF-2015-05-2-19,Fraser,0,0,0,0,0,0.350260198,5.64
REF-2015-05-2-20,Fraser,0,0,0,0,0,0.461298257,5.64
REF-2015-09-1-01,Fraser,34.7222,0,0,0,0,1.334647298,9.87
REF-2015-09-1-02,Fraser,4.2254,0,0,0,0,0.888453066,9.87
REF-2015-09-1-03,Fraser,31.746,0,0,0,0,1.122715473,9.87
REF-2015-09-1-04,Fraser,60.7477,0,0,0,0,1.173084617,9.87
REF-2015-09-1-05,Fraser,0,0,0,0,0,0.780384243,9.87
REF-2015-09-1-06,Fraser,10.6383,0,0,0,0,1.543822765,9.87
REF-2015-09-1-07,Fraser,41.2371,0,0,0,0,0.117697947,9.87
REF-2015-09-1-08,Fraser,79.2683,0,0,0,0,1.259228587,9.87
REF-2015-09-1-09,Fraser,0,25,7.3529,17.6471,0,1.317308426,9.87
REF-2015-09-1-10,Fraser,12.9032,0,0,0,0,0.891931355,9.87
REF-2015-09-1-11,Fraser,0,0,0,54.0541,0,0.478849709,9.87
REF-2015-09-1-12,Fraser,95.4774,0,0,0.5025,0,0.028846124,9.87
REF-2015-09-1-13,Fraser,0,0,0,0,0,1.190000057,9.87
REF-2015-09-1-14,Fraser,34,0,0,0,0,1.288845062,9.87
REF-2015-09-1-15,Fraser,0,0,0,0,0,0.650770724,9.87
REF-2015-09-1-16,Fraser,6.0976,0,0,0,0,-0.034218226,9.87
REF-2015-09-1-17,Fraser,64.1509,0,0,0,0,-0.622700095,9.87
REF-2015-09-1-18,Fraser,6.6225,0,0,0,0,1.210000038,9.87
REF-2015-09-1-19,Fraser,3.1746,0,0,0,0,1.150384903,9.87
REF-2015-09-1-20,Fraser,72.3982,0,0,0,0,1.333814025,9.87
REF-2015-09-1-21,Fraser,0,0,0,0,0,0.992304504,9.87
REF-2015-09-1-22,Fraser,0,0,0,0,0,0.998078346,9.87
REF-2015-09-1-23,Fraser,0,0,0,0,0,-0.070383929,9.87
REF-2015-09-1-24,Fraser,0,0,0,0,0,1.292319655,9.87
REF-2015-09-1-25,Fraser,0,0,0,0,0,0.138085872,9.87
REF-2015-09-1-26,Fraser,NA,NA,NA,NA,NA,0.19806613,9.87
REF-2015-09-1-27,Fraser,0,0,0,0,0,1.052300811,9.87
REF-2015-09-1-28,Fraser,0,0,0,0,0,1.098442912,9.87
REF-2015-09-1-29,Fraser,0,0,0,0,0,1.359613895,9.87
REF-2015-09-1-30,Fraser,0,0,0,0,0,-0.171527296,9.87
REF-2015-09-2-01,Fraser,0,0,0,0,0,-0.81307143,9.87
REF-2015-09-2-02,Fraser,0,0,0,0,0,-0.15923585,9.87
REF-2015-09-2-03,Fraser,0,0,0,0,0,-0.161910117,9.87
REF-2015-09-2-04,Fraser,0,0,0,0,0,-0.181911126,9.87
REF-2015-09-2-05,Fraser,0,0,0,50,0,-0.68229425,9.87
REF-2015-09-2-06,Fraser,0,0,0,0,0,-0.643060565,9.87
REF-2015-09-2-07,Fraser,0,0,0,0,0,-0.593444943,9.87
REF-2015-09-2-08,Fraser,0,0,0,0,0,-0.302681178,9.87
REF-2015-09-2-09,Fraser,0,0,0,0,0,-0.663065851,9.87
REF-2015-09-2-10,Fraser,0,0,0,0,0,-0.752303839,9.87
REF-2015-09-2-11,Fraser,NA,0,0.8065,0,0,-0.732689261,9.87
REF-2015-09-2-12,Fraser,NA,0,0,0,0,-0.842306852,9.87
REF-2015-09-2-13,Fraser,NA,0,0,0,0,-0.8030774,9.87
REF-2015-09-2-14,Fraser,NA,0,0,0,0,-0.853078246,9.87
REF-2015-09-2-15,Fraser,NA,0,0,0,0,-0.773852706,9.87
REF-2015-10-1-01,Fraser,NA,0,7.563,33.6134,0,0.72870183,12.89
REF-2015-10-1-02,Fraser,NA,0,0,0,0,1.29560709,12.89
REF-2015-10-1-03,Fraser,NA,0,3.5088,0,0,1.061323166,12.89
REF-2015-10-1-04,Fraser,NA,0,0,0,0,0.517403126,12.89
REF-2015-10-1-05,Fraser,NA,0,0,0,0,0.642613769,12.89
REF-2015-10-1-06,Fraser,NA,0,0,0,0,1.423966527,12.89
REF-2015-10-1-07,Fraser,NA,0,0,0,0,1.585145354,12.89
REF-2015-10-1-08,Fraser,NA,0,0,0,0,1.246479392,12.89
REF-2015-10-1-09,Fraser,NA,0,2.4096,24.0964,0,1.170877814,12.89
REF-2015-10-1-10,Fraser,NA,0,0,0,0,1.360436916,12.89
REF-2015-10-1-11,Fraser,NA,0,0,0,0,0.448566109,12.89
REF-2015-10-1-12,Fraser,NA,0,0,0,0,1.179133177,12.89
REF-2015-10-1-13,Fraser,NA,0,0,0,0,0.486075014,12.89
REF-2015-10-1-14,Fraser,NA,0,2.0942,41.8848,0,1.009561539,12.89
REF-2015-10-1-15,Fraser,NA,0,5.4795,0,0,1.42130959,12.89
REF-2015-10-1-16,Fraser,NA,0,4.5872,82.5688,0,0.25999999,12.89
REF-2015-10-1-17,Fraser,NA,0,0,0,0,1.270879269,12.89
REF-2015-10-1-18,Fraser,NA,0,26.9231,0,0,0.60825628,12.89
REF-2015-10-1-19,Fraser,NA,0,0,0,0,0.40782094,12.89
REF-2015-10-1-20,Fraser,NA,0,35,20.8333,0,1.1795609,12.89
REF-2015-10-1-21,Fraser,NA,0,0,0,0,1.503926396,12.89
REF-2015-10-1-22,Fraser,NA,0,0,0,0,0.557404578,12.89
REF-2015-10-1-23,Fraser,NA,0,0,0,0,1.312204838,12.89
REF-2015-10-1-24,Fraser,NA,3.352,3.352,80.4469,0,1.101638675,12.89
REF-2015-10-1-25,Fraser,NA,0,0,32,0,1.49000001,12.89
REF-2015-10-1-26,Fraser,NA,0,0,0,0,1.442172527,12.89
REF-2015-10-1-27,Fraser,NA,0,0,0,0,0.755631089,12.89
REF-2015-10-1-28,Fraser,NA,0,0,0,0,1.369560242,12.89
REF-2015-10-1-29,Fraser,NA,0,0,0,0,1.528687716,12.89
REF-2015-10-2-01,Fraser,NA,0,0,0,0,0.249567851,12.89
REF-2015-10-2-02,Fraser,NA,0,0,0,0,0.179135233,12.89
REF-2015-10-2-03,Fraser,NA,0,0,0,0,0.169134378,12.89
REF-2015-10-2-04,Fraser,NA,0,0,0,0,0.209566891,12.89
REF-2015-10-2-05,Fraser,NA,0,0,0,0,0.189999998,12.89
REF-2015-10-2-06,Fraser,NA,0,0,0,0,0.119566411,12.89
REF-2015-10-2-07,Fraser,NA,0,0,0,0,0.169565991,12.89
REF-2015-10-2-08,Fraser,NA,0,0,0,0,0.169565573,12.89
REF-2015-10-2-09,Fraser,NA,0,0,0,0,0.17956534,12.89
REF-2015-10-2-10,Fraser,NA,0,0,0,0,0.130434781,12.89
REF-2015-10-2-11,Fraser,NA,0,0,0,0,0.209564418,12.89
REF-2015-10-2-12,Fraser,NA,0,0,0,0,0.148692042,12.89
REF-2015-10-2-13,Fraser,NA,0,5.848,0,0,0.129999995,12.89
REF-2015-10-2-14,Fraser,NA,0,0,0,0,0.109999999,12.89
REF-2015-10-2-15,Fraser,NA,0,41.4201,0,0,0.039563529,12.89
REF-2015-10-2-16,Fraser,NA,0,0,0,0,-0.119999997,12.89
REF-2015-10-2-17,Fraser,NA,3.9409,0,0,0,-0.040437371,12.89
REF-2015-10-2-18,Fraser,NA,1.7857,0,8.9286,0,-0.100874864,12.89
REF-2015-10-2-19,Fraser,NA,0,0,0,0,-0.07,12.89
REF-2015-10-2-20,Fraser,NA,0,0,0,0,-0.060438029,12.89
REF-2015-11-1-01,Fraser,NA,0,16.1905,0,0,0.870292544,23.04
REF-2015-11-1-02,Fraser,NA,0,0,0,0,1.149999976,23.04
REF-2015-11-1-03,Fraser,NA,0,1.2658,0,0,0.908748806,23.04
REF-2015-11-1-04,Fraser,NA,4.2735,0,0,0,0.930583715,23.04
REF-2015-11-1-05,Fraser,NA,0,1.3699,2.7397,0,1.310289145,23.04
REF-2015-11-1-06,Fraser,NA,0,26.738,0,0,0.82980758,23.04
REF-2015-11-1-07,Fraser,NA,16.1172,8.7912,0,0,1.149325967,23.04
REF-2015-11-1-08,Fraser,NA,0,7,0,0,0.83990252,23.04
REF-2015-11-1-09,Fraser,NA,0,0,0,0,0.66971159,23.04
REF-2015-11-1-10,Fraser,NA,0,0,0,0,0.888651669,23.04
REF-2015-11-1-11,Fraser,NA,0,4.1237,0,0,1.179614425,23.04
REF-2015-11-1-12,Fraser,NA,0,8.1081,18.9189,0,1.049805284,23.04
REF-2015-11-1-13,Fraser,NA,0,11.8644,8.4746,0,0.549807668,23.04
REF-2015-11-1-14,Fraser,NA,8.3333,12.963,0,0,0.939711273,23.04
REF-2015-11-1-15,Fraser,NA,0,1.9139,0,0,0.869037926,23.04
REF-2015-11-1-16,Fraser,NA,0,14.9068,0,0,1.150192618,23.04
REF-2015-11-1-17,Fraser,NA,0,0,0,0,0.679519475,23.04
REF-2015-11-1-18,Fraser,NA,0,3.8835,7.767,0,1.290290236,23.04
REF-2015-11-1-19,Fraser,NA,0,4.2553,0,0,0.909615099,23.04
REF-2015-11-1-20,Fraser,NA,8,1,0,0,1.199903607,23.04
REF-2015-11-1-21,Fraser,NA,0,0.5814,0,0,1.070776939,23.04
REF-2015-11-1-22,Fraser,NA,0,0,0,0,0.830292284,23.04
REF-2015-11-1-23,Fraser,NA,0,0,25,0,1.24028945,23.04
REF-2015-11-1-24,Fraser,NA,0,0,0,0,0.969517589,23.04
REF-2015-11-1-25,Fraser,NA,0,0,0,0,1.309710503,23.04
REF-2015-11-1-26,Fraser,NA,0,0,0,0,0.930096984,23.04
REF-2015-11-1-27,Fraser,NA,NA,NA,NA,NA,0.659518898,23.04
REF-2015-11-1-28,Fraser,NA,0,0,0,0,1.099518418,23.04
REF-2015-11-1-29,Fraser,NA,0,0,0,0,0.529711783,23.04
REF-2015-11-1-30,Fraser,NA,0,0,0,0,0.989711285,23.04
REF-2015-11-2-01,Fraser,NA,0,0,0,0,0.439710945,23.04
REF-2015-11-2-02,Fraser,NA,0,0,0,0,0.400000006,23.04
REF-2015-11-2-03,Fraser,NA,0,0,0,0,0.40019244,23.04
REF-2015-11-2-04,Fraser,NA,0,0,0,0,0.310577154,23.04
REF-2015-11-2-05,Fraser,NA,0,0,0,0,0.489711612,23.04
REF-2015-11-2-06,Fraser,NA,0,0,0,0,0.429711908,23.04
REF-2015-11-2-07,Fraser,NA,0,0,0,0,0.569327533,23.04
REF-2015-11-2-08,Fraser,NA,0,0,0,0,0.499903917,23.04
REF-2015-11-2-09,Fraser,NA,0,0,0,0,0.360383898,23.04
REF-2015-11-2-10,Fraser,NA,0,0,0,0,0.369327933,23.04
REF-2015-11-2-11,Fraser,NA,0,0,12.5,0,0.289135903,23.04
REF-2015-11-2-12,Fraser,NA,0,0,0,0,0.289904028,23.04
REF-2015-11-2-13,Fraser,NA,0,8.9286,75.8929,0,0.339424074,23.04
REF-2015-11-2-14,Fraser,NA,0,3.8462,3.8462,0,0.16913645,23.04
REF-2015-11-2-15,Fraser,NA,0,0,0,0,0.179903984,23.04
REF-2015-11-2-16,Fraser,NA,0,4.8309,0,0,0.11990381,23.04
REF-2015-11-2-17,Fraser,NA,0,0,0,0,0.189711243,23.04
REF-2015-11-2-18,Fraser,NA,0,4.2553,74.4681,0,0.199807182,23.04
REF-2015-11-2-19,Fraser,NA,0,1.9608,0,0,0.229806468,23.04
REF-2015-11-2-20,Fraser,NA,0,0,36.4865,0,0.179806426,23.04
REF-2015-12-1-01,Fraser,NA,0,0,0,0,1.429892302,18.97
REF-2015-12-1-02,Fraser,NA,0,0,90.9091,0,1.300179243,18.97
REF-2015-12-1-03,Fraser,NA,0,11.1111,66.6667,0,1.219926238,18.97
REF-2015-12-1-04,Fraser,NA,0,2.2727,42.0455,0,1.079778552,18.97
REF-2015-12-1-05,Fraser,NA,0,0,12.2137,0,1.17965126,18.97
REF-2015-12-1-06,Fraser,NA,0,12.8342,77.0053,0,1.35030067,18.97
REF-2015-12-1-07,Fraser,NA,0,0,0,0,1.150242805,18.97
REF-2015-12-1-08,Fraser,NA,0,6.25,34.375,0,1.139755011,18.97
REF-2015-12-1-09,Fraser,NA,0,0,0,0,0.97030735,18.97
REF-2015-12-1-10,Fraser,NA,0,0,0,0,1.439782977,18.97
REF-2015-12-1-11,Fraser,NA,0,5.7851,0,0,1.069926143,18.97
REF-2015-12-1-12,Fraser,NA,0,0,0,0,0.959963858,18.97
REF-2015-12-1-13,Fraser,NA,1.9324,0,0,0,0.910154939,18.97
REF-2015-12-1-14,Fraser,NA,0,0,0,0,1.080000043,18.97
REF-2015-12-1-15,Fraser,NA,0,2.4845,0,0,1.180348873,18.97
REF-2015-12-1-16,Fraser,NA,2.9412,7.3529,61.7647,0,0.960259914,18.97
REF-2015-12-1-17,Fraser,NA,0,4.6512,0,0,1.069900155,18.97
REF-2015-12-1-18,Fraser,NA,0,3.1873,0.7968,0,0.939999998,18.97
REF-2015-12-1-19,Fraser,NA,3.8168,0,0,0,1.069920301,18.97
REF-2015-12-1-20,Fraser,NA,0,0.9132,0,0,0.860035479,18.97
REF-2015-12-1-21,Fraser,NA,0,0,0,0,1.360035777,18.97
REF-2015-12-1-22,Fraser,NA,0,0,0,0,1.090000033,18.97
REF-2015-12-1-23,Fraser,NA,0,0,0,0,1.269896269,18.97
REF-2015-12-1-24,Fraser,NA,0,0,0,0,1.230075717,18.97
REF-2015-12-1-25,Fraser,NA,0,0,0,0,1.529964328,18.97
REF-2015-12-1-26,Fraser,NA,0,0,0,0,0.889794588,18.97
REF-2015-12-1-27,Fraser,NA,0,0,0,0,0.999923766,18.97
REF-2015-12-1-28,Fraser,NA,0,0,0,0,1.029757857,18.97
REF-2015-12-1-29,Fraser,NA,0,0,0,0,1.079855323,18.97
REF-2015-12-1-30,Fraser,NA,0,0,0,0,1.170169234,18.97
REF-2015-12-2-01,Fraser,NA,0,0,0,0,-0.089695357,18.97
REF-2015-12-2-02,Fraser,NA,0,0,0,0,0.190104067,18.97
REF-2015-12-2-03,Fraser,NA,0,0,0,0,0.02,18.97
REF-2015-12-2-04,Fraser,NA,0,0,0,0,0.329928637,18.97
REF-2015-12-2-05,Fraser,NA,0,0,0,0,0.370035917,18.97
REF-2015-12-2-06,Fraser,NA,0,0,0,0,0.189999998,18.97
REF-2015-12-2-07,Fraser,NA,0,0,0,0,0.200073108,18.97
REF-2015-12-2-08,Fraser,NA,0,1.1696,0,0,0.189924493,18.97
REF-2015-12-2-09,Fraser,NA,0,0,0,0,0.460683465,18.97
REF-2015-12-2-10,Fraser,NA,0,0,0,0,0.550613284,18.97
REF13-1-01,Fraser,NA,0,0,0,0,1.129724,5.07
REF13-1-02,Fraser,NA,0,0,0,0,1.909723,5.07
REF13-1-03,Fraser,NA,0,5.7143,0,0,1.579443,5.07
REF13-1-04,Fraser,NA,0,10.7143,0,0,1.558879,5.07
REF13-1-05,Fraser,NA,0,0,13.6986,0,1.110555,5.07
REF13-1-06,Fraser,NA,0,0,0,0,1.358898,5.07
REF13-1-07,Fraser,NA,0,2.8436,94.7867,0,1.71194,5.07
REF13-1-08,Fraser,NA,0,5.2174,0,0,1.278888,5.07
REF13-1-09,Fraser,NA,3.5714,7.1429,0,0,1.748317,5.07
REF13-1-10,Fraser,NA,0,0,0,0,1.490555,5.07
REF13-1-11,Fraser,NA,0,0,0,0,1.308074,5.07
REF13-1-12,Fraser,NA,0,0,0,0,1.548045,5.07
REF13-1-13,Fraser,NA,0,0,0,0,1.137509,5.07
REF13-1-14,Fraser,NA,0,0,1.6949,0,1.491118,5.07
REF13-1-15,Fraser,NA,0,0,0,0,1.539722,5.07
REF13-1-16,Fraser,NA,0,0,0,0,1.478351,5.07
REF13-1-17,Fraser,NA,0,0,0,0,1.46,5.07
REF13-1-18,Fraser,NA,0,0,0,0,1.581107,5.07
REF13-1-19,Fraser,NA,0,0,0,0,0.746124,5.07
REF13-1-20,Fraser,NA,0,0,0,0,0.73467,5.07
REF14-1-1,Fraser,89.9281,0,0,0,0,1.02,4.12
REF14-1-10,Fraser,79.8935,0,0,0,0,0.528858,4.12
REF14-1-11,Fraser,0,96.2567,0.5348,0,0,0.501735,4.12
REF14-1-12,Fraser,86.6426,0,2.4067,1.2034,0,0.689425,4.12
REF14-1-13,Fraser,0,0,0,8.7719,0,0.830573,4.12
REF14-1-14,Fraser,5.0761,0,3.3841,87.9865,0,0.748858,4.12
REF14-1-15,Fraser,97.0874,0,0.1214,0,0,0.550573,4.12
REF14-1-16,Fraser,97.6139,0,0,0,0,0.576554,4.12
REF14-1-17,Fraser,0,0,37.1594,0.0826,0,0.032665,4.12
REF14-1-18,Fraser,0.9524,9.5238,47.619,0.9524,0,0.530571,4.12
REF14-1-19,Fraser,0,0,25,25,0,1.188856,4.12
REF14-1-2,Fraser,4.6083,0,0.2304,80.6452,0,0.837705,4.12
REF14-1-20,Fraser,4.1322,0,24.7934,8.2645,0,0.922864,4.12
REF14-1-3,Fraser,99.7783,0,0,0,0,0.437148,4.12
REF14-1-4,Fraser,0,0,0,0,0,0.911151,4.12
REF14-1-5,Fraser,87.2093,0,0,0,0,0.490573,4.12
REF14-1-6,Fraser,27.7778,0,2.7778,1.3889,0,0.818849,4.12
REF14-1-7,Fraser,97.8793,0,0,0,0,0.952294,4.12
REF14-1-8,Fraser,0,0,0,0,0,1.079427,4.12
REF14-1-9,Fraser,0,0,0,0.6897,0,0.761715,4.12
REF3-1-1,Fraser,92.1659,0,2.3041,0.2304,0,1.48,38.35
REF3-1-10,Fraser,5.5249,5.5249,5.5249,0,82.8729,1.47,38.35
REF3-1-11,Fraser,36.1664,0,0,0,0,1.72,38.35
REF3-1-12,Fraser,95.8084,0,0,0,0,1.53,38.35
REF3-1-13,Fraser,31.25,0,0,41.6667,0,1.66,38.35
REF3-1-14,Fraser,1.3514,0,0,81.0811,0,1.74,38.35
REF3-1-15,Fraser,5.7803,0.578,0,28.9017,0,1.81,38.35
REF3-1-16,Fraser,99.7653,0,0,0,0,1.97,38.35
REF3-1-17,Fraser,99.7963,0,0,0,0,1.66,38.35
REF3-1-18,Fraser,4,0,4,0,0,1.57,38.35
REF3-1-19,Fraser,99.8081,0,0,0,0,1.6,38.35
REF3-1-2,Fraser,51.1945,0,6.8259,0,0,1.58,38.35
REF3-1-20,Fraser,99.3377,0,0,0,0,1.35,38.35
REF3-1-3,Fraser,95.6284,0,0,0,0,1.44,38.35
REF3-1-4,Fraser,2.2222,2.2222,2.2222,22.2222,0,1.69,38.35
REF3-1-5,Fraser,99.7783,0,0,0,0,1.31,38.35
REF3-1-6,Fraser,99.7653,0,0,0,0,1.48,38.35
REF3-1-7,Fraser,41.4938,0,10.3734,0,0,1.69,38.35
REF3-1-8,Fraser,0,1.6129,32.2581,16.129,0,1.76,38.35
REF3-1-9,Fraser,0,0,27.027,40.5405,0,1.49,38.35
Ref4-1-01,Fraser,4.1494,NA,2.0747,NA,0,1.15,36.06
Ref4-1-02,Fraser,100,NA,0,NA,0,0.96,36.06
Ref4-1-03,Fraser,4.2105,NA,0,NA,0,1.25,36.06
Ref4-1-04,Fraser,93.0233,NA,0,NA,0,1.45,36.06
Ref4-1-05,Fraser,79.5229,NA,0,NA,0,1.24,36.06
Ref4-1-06,Fraser,97.7273,NA,0,NA,0,1.39,36.06
Ref4-1-07,Fraser,100,NA,0,NA,0,1.28,36.06
Ref4-1-08,Fraser,72.5953,NA,0,NA,0,1.41,36.06
Ref4-1-09,Fraser,95.7447,NA,0,NA,0,1.72,36.06
Ref4-1-10,Fraser,99.8004,NA,0,NA,0,1.67,36.06
Ref4-1-11,Fraser,98.5545,NA,0,NA,0,1.53,36.06
Ref4-1-12,Fraser,97.6431,NA,0,NA,0,1.29,36.06
Ref4-1-13,Fraser,96.2696,NA,0,NA,0,1.43,36.06
Ref4-1-14,Fraser,99.8249,NA,0,NA,0,1.33,36.06
Ref4-1-15,Fraser,91.1361,NA,0,NA,0,1.58,36.06
Ref4-1-16,Fraser,99.8004,NA,0,NA,0,1.43,36.06
Ref4-1-17,Fraser,97.7131,NA,0,NA,0,1.75,36.06
Ref4-1-18,Fraser,98.8372,NA,0,NA,0,1.25,36.06
Ref4-1-19,Fraser,28.49,NA,0,NA,0,1.55,36.06
Ref4-1-20,Fraser,99.8336,NA,0,NA,0,1.37,36.06
Ref5-1-01,Fraser,98.9011,0,0,NA,0,1.23,29.81
Ref5-1-02,Fraser,67.9012,0,0,NA,0,1.24,29.81
Ref5-1-03,Fraser,0,0,0,NA,0,0.84,29.81
Ref5-1-04,Fraser,89.2857,0,0,NA,0,0.88,29.81
Ref5-1-05,Fraser,78.3476,0,0,NA,0,1.33,29.81
Ref5-1-06,Fraser,75.7576,0,0.2165,NA,0,1.54,29.81
Ref5-1-07,Fraser,0,0,0,NA,12.474,1.62,29.81
Ref5-1-08,Fraser,99.889,0,0,NA,0,1.25,29.81
Ref5-1-09,Fraser,0,0,0,NA,0,1.18,29.81
Ref5-1-10,Fraser,100,0,0,NA,0,1.43,29.81
Ref5-1-11,Fraser,0,0,0,NA,0,1.36,29.81
Ref5-1-12,Fraser,76.8049,0,0,NA,23.0415,1.49,29.81
Ref5-1-13,Fraser,0,43.0108,0,NA,1.0753,1.58,29.81
Ref5-1-14,Fraser,0,0,10,NA,0,1.08,29.81
Ref5-1-15,Fraser,0,3.2103,0,NA,0,0.85,29.81
Ref5-1-16,Fraser,12.5,0,0,NA,0,1.55,29.81
Ref5-1-17,Fraser,0,0,0,NA,4.7619,0.63,29.81
Ref5-1-18,Fraser,0,0,0.0979,NA,0,1.15,29.81
Ref5-1-19,Fraser,25.227,NA,NA,0,0,1.25,29.81
Ref5-1-20,Fraser,94.7368,NA,NA,0,0,1.43,29.81
Ref7-1-01,Fraser,0,NA,NA,99,0,0.978969,20.31
Ref7-1-02,Fraser,0,NA,NA,0,0,1.110507,20.31
Ref7-1-03,Fraser,0,NA,NA,19.98,0,1.220057,20.31
Ref7-1-04,Fraser,0.0998,NA,NA,0,0,1.180057,20.31
Ref7-1-05,Fraser,0,NA,NA,0,0,0.999598,20.31
Ref7-1-06,Fraser,99,NA,NA,0,0,1.280172,20.31
Ref7-1-07,Fraser,12.4844,NA,NA,62.422,0,1.118139,20.31
Ref7-1-08,Fraser,0,NA,NA,98.7039,0,0.979667,20.31
Ref7-1-09,Fraser,8.991,NA,NA,0,0,1.219888,20.31
Ref7-1-10,Fraser,83,NA,NA,0,0,1.261107,20.31
Ref7-1-11,Fraser,3.0242,NA,NA,0,0,1.529538,20.31
Ref7-1-12,Fraser,0,NA,NA,0,0,0.979718,20.31
Ref7-1-13,Fraser,2,NA,NA,0,0,1.25,20.31
Ref7-1-14,Fraser,94.6372,NA,NA,0,0,1.259725,20.31
Ref7-1-15,Fraser,0,NA,NA,100,0,1.350331,20.31
Ref7-1-16,Fraser,86.9565,NA,NA,0,0,0.919723,20.31
Ref7-1-17,Fraser,0.1063,NA,NA,0,0,0.689547,20.31
Ref7-1-18,Fraser,39.5683,NA,NA,0,0,1.38,20.31
Ref7-1-19,Fraser,NA,NA,NA,NA,0,1.179942,20.31
Ref7-1-20,Fraser,NA,NA,NA,NA,0,1.420055,20.31
Ref9-1-1,Fraser,NA,NA,NA,NA,0,0.991745,15.6
Ref9-1-12,Fraser,NA,NA,NA,NA,0,0.916172,15.6
Ref9-1-13,Fraser,NA,NA,NA,NA,0,1.150348,15.6
Ref9-1-14,Fraser,NA,NA,NA,NA,0,1.089652,15.6
Ref9-1-15,Fraser,NA,NA,NA,NA,0,1.134501,15.6
Ref9-1-16,Fraser,NA,NA,NA,NA,0,0.861746,15.6
Ref9-1-17,Fraser,NA,NA,NA,NA,0,1.069301,15.6
Ref9-1-18,Fraser,NA,NA,NA,NA,0,0.959651,15.6
Ref9-1-19,Fraser,NA,NA,NA,NA,0,1.728616,15.6
Ref9-1-2,Fraser,NA,NA,NA,NA,0,1.1,15.6
Ref9-1-20,Fraser,NA,NA,NA,NA,0,1.12,15.6
Ref9-1-21,Fraser,NA,NA,NA,NA,0,1.50409,15.6
Ref9-1-22,Fraser,NA,NA,NA,NA,0,0.981387,15.6
Ref9-1-3,Fraser,NA,NA,NA,NA,0,1.10208,15.6
Ref9-1-4,Fraser,NA,NA,NA,NA,0,1.059302,15.6
Ref9-1-5,Fraser,NA,NA,NA,NA,0,1.994101,15.6
Ref9-1-6,Fraser,NA,NA,NA,NA,0,1.225485,15.6
Ref9-1-9,Fraser,NA,NA,NA,NA,0,0.910349,15.6