SITE_ID,SAMPLE_YEAR,REFERENCE,TYPE,SHEAR_BOOM,LOG_FENCE,OFFSHORE_STRUCTURE,CREATION_YR,AGE,AREA_MAPPED,AREA_SQM,RIVER,ARM_1,Easting,DIST_UPRIVER,SW_INFL,PRCNT_EDGE,PRCNT_LOG1,PRCENT_LOG2,PRCNT_MUDFLAT,PRCNT_MARSH,GRAZING,ELEV_MEAN,ELEV_SD,ELEV_MIN,ELEV_MAX,CHANNEL_PRES,CARELYN_MH,CARELYN_SD,COM1_ARich,COM1_ARich_SD,COM1_NRich,COM1_NRICH_SD,COM1_SimpDiv,COM1_SimpDiv_SD,COM1_ShanDiv,COM1_ShanDiv_SD,RC_Native,RC_NativeSD,RC_NonNative,RC_NonNativeSD,RC_Invasive,RC_InvasiveSD,RC_Unknown,RC_UnknownSD,REF_1,REF_2,,,
00-001,2021,NO,Inline,NO,NO,NO,2003,18,20.59,20,Fraser,North,484450,443,Yes,49.71,0,0,0,100,0,1.19,0.11,0.98,1.37,N,NA,NA,3,1.73,1.67,1.73,0.09,0.1,0.03,0.04,100,0,0,0,0,0,0,0,REF-17,REF-05-2015,,,
02-011,2021,NO,Basin,NO,NO,NO,2005,16,4266.09,5210,Fraser,North,491563,8477,Yes,0,0,0,3,97,0,0.982,0.3433,0.31,3,Y,170.95,19.34037,2.95,1.23,2.05,1,0.31,0.39,0.17,0.23,95.74,10.22,0.28,1.24,3.98,10.26,0,0,REF-05-2015,REF-02-2015,,,
02-012,2021,NO,Protruding,NO,NO,NO,2006,15,103.81,800,Fraser,North,493347,10317,Yes,0,0,0,100,0,3,1.941,0.941,0.03,2.99,Y,59,NA,6,1.15,5.75,1.5,0.17,0.2,0.58,0.48,3.35,5.82,1.71,2.91,93.55,5.46,1.39,1.62,REF-02-2015,REF-05-2015,,,
02-013,2021,NO,Basin,NO,YES,NO,2007,14,539.9,1610,Fraser,North,491467,8372,Yes,0,0.18,0,0,100,0,1.145,0.2369,0.67,1.64,Y,159.8182,18.09872,2.636364,1.86,2.55,1.21,0.04,0.12,0.02,0.05,99.25,0.97,0.69,0.99,0.04,0.1,0.03,0.09,REF-05-2015,REF-02-2015,,,
02-015,2021,NO,Protruding,YES,NO,NO,2007,14,354.41,445,Fraser,North,493343,10297,Yes,3.68,2,0,17,83,3,0.548,0.2829,-0.04,1.34,Y,NA,NA,5.8,2.28,3,2,0.73,0.71,0.35,0.34,25.03,29.17,0.16,0.21,74.74,28.94,0.08,0.17,REF-02-2015,REF-05-2015,,,
03-001A,2021,NO,Protruding,YES,NO,NO,1985,36,4881.56,,Fraser,North,488892,5574,Yes,3.5,7,4,0,96,1,1.067,0.5626,-0.63,2.58,Y,101,40.46809,5.153846,2.61,4.08,1.83,0.25,0.3,0.13,0.17,68.1,41.48,11.6,27.59,20.22,33.61,0.07,0.26,REF-05-2015,REF-17,,,
03-001B,2021,NO,Protruding,NO,NO,NO,1985,36,858.17,,Fraser,North,489031,5808,Yes,9.78,0,0,0,100,0,0.582,0.3988,-0.73,1.54,N,94,15.55635,3,2.26,2.1,1.16,0.2,0.19,0.1,0.12,97.64,4.01,0.95,3.01,1.41,2.73,0,0,REF-05-2015,REF-17,,,
Eburne_Slough,2021,NO,Protruding,NO,NO,NO,2013,8,2569.27,5937,Fraser,North,489142,5954,Yes,8.79,6.38,0,62,38,3,0.943,0.5604,-0.2,2.1,N,71,NA,4.125,1.55,3.88,1.36,0.13,0.29,0.08,0.18,73.24,36.8,19.75,28.24,7.01,12.81,0,0,REF-05-2015,REF-17,,,
04-003,2021,NO,Protruding,NO,NO,NO,1993,28,574.8,,Fraser,North,486619,4025,Yes,9.53,2.55,10,0,90,0,0.969,0.555,-0.51,3.34,N,137,22.57685,5.272727,2.94,3.91,2,0.33,0.44,0.18,0.24,80.39,29.74,5.33,13.27,14.23,27.2,0.04,0.14,REF-17,REF-05-2015,,,
05-002,2021,NO,Basin,NO,YES,NO,1991,30,4356.1,4500,Fraser,North,487841,3224,Yes,0,0,0,0,100,0,1.198,0.3018,0.712,2.902,Y,141.3333,8.504901,2.210526,1.18,3.05,0.76,0.01,0.04,0.53,0.51,28.03,38.99,0.03,0.07,71.94,39.04,0,0,REF-17,REF-05-2015,,,
08-004A,2021,NO,Basin,NO,NO,NO,1998,23,310.4,1960,Serpentine,Main,511726,2064,Yes,0,0.27,0,0,100,0,1.105,0.2017,0.68,1.73,Y,99.83333,47.23311,3,1.79,1.91,0.65,0.16,0.26,0.08,0.15,86.78,30.98,9.81,29,3.41,10.95,0,0,REF-20,REF-21,,,
08-004B,2021,NO,Basin,NO,NO,NO,1998,23,1865.91,1960,Serpentine,Main,512599,3304,Yes,0,0.19,0,30,70,2,0.568,0.2342,-0.08,1.29,Y,60,NA,3.125,1.67,2.19,1.26,0.37,0.42,0.2,0.24,96.03,13.83,3.97,13.83,0,0,0,0,REF-20,REF-21,,,
08-005A,2021,NO,Basin,NO,NO,NO,1999,22,1622.51,1787,Nicomekl,Main,511912,3170,Yes,0,0.09,0,0,100,0,-0.028,0.6186,-0.54,1.688,N,NA,NA,3.727273,0.79,2.45,0.67,0.25,0.24,0.15,0.17,63.72,27.49,36.28,27.49,0,0,0,0,REF-21,REF-20,,,
08-005B,2021,NO,Basin,NO,NO,NO,1999,22,1634.82,1787,Nicomekl,Main,511936,3225,Yes,0,6.7,0,0,100,0,0.733,0.5206,-0.319,2.291,Y,NA,NA,4.1,1.52,3.6,1.52,0.32,0.43,0.29,0.35,30.38,36.46,69.61,36.45,0.01,0.04,0,0,REF-21,REF-20,,,
08-008A,2021,NO,Inline,NO,NO,NO,2002,19,601.82,1425,Nicomekl,Main,510779,1941,Yes,4.87,0.2,0,0,100,0,1.34,0.1283,0.87,1.55,N,NA,NA,3.6,0.89,1.8,0,0.25,0.25,0.15,0.19,99.18,1.34,0.82,1.34,0,0,0,0,REF-21,REF-20,,,
08-008B,2021,NO,Inline,NO,NO,NO,2002,19,61.33,1425,Nicomekl,Main,510872,2167,Yes,50.91,2.29,0,0,100,0,1.019,0.2087,0.502,1.33,N,NA,NA,3.857143,1.35,2.43,0.76,0.28,0.33,0.16,0.21,98.83,2.03,1.17,2.03,0,0,0,0,REF-21,REF-20,,,
08-008C,2021,NO,Inline,NO,NO,NO,2002,19,50.88,1425,Nicomekl,Main,510987,2274,Yes,40.61,5,0,0,100,0,1.169,0.1737,0.761,1.41,N,NA,NA,3,1,2.2,0.89,0.25,0.28,0.15,0.21,92.57,14.57,7.43,14.57,0,0,0,0,REF-21,REF-20,,,
08-008D,2021,NO,Inline,NO,NO,NO,2002,19,116.1,1425,Nicomekl,Main,511028,2305,Yes,15.57,0,0,0,100,0,1.194,0.1072,0.901,1.33,N,NA,NA,4.666667,0.58,2,0.58,0.24,0.08,0.1,0.05,100,0,0,0,0,0,0,0,REF-21,REF-20,,,
08-009-A,2021,NO,Protruding,NO,NO,NO,2005,16,637.31,1350,Nicomekl,Main,512597,4661,Yes,13.77,0,0,67,33,3,0.904,0.204,0.588,1.668,N,120.3333,43.08519,3.75,1.89,1.75,1.41,0.47,0.42,0.26,0.25,74.64,28.3,25.36,28.3,0,0,0,0,REF-21,REF-20,,,
08-009-B,2021,NO,Protruding,NO,NO,NO,2005,16,1282.29,1350,Nicomekl,Main,512682,4743,Yes,6.53,0.71,0,22,78,3,0.92,0.1994,0.397,1.668,N,137,0,3,0.82,1.57,0.53,0.25,0.33,0.16,0.24,99.75,0.37,0.25,0.37,0,0,0,0,REF-21,REF-20,,,
09-003,2021,NO,Basin,NO,NO,NO,1990,31,59309,60349,Fraser,South,493724,10403,Yes,0,0.1,0,2,98,0,1.103,0.3755,-0.858,2.901,Y,NA,NA,3.1,2.13,3.65,1.57,0.19,0.32,0.51,0.44,23.17,34.33,1.91,8.53,74.92,36.05,0,0,REF-11,REF-14,,,
09-006,2021,NO,Basin,NO,NO,NO,1992,29,6583.38,6185,Fraser,South,493975,9825,Yes,17,1.36,0,0,100,1,1.2,0.324,-0.833,1.987,Y,NA,NA,7.142857,2.21,5.29,1.33,0.87,0.38,0.48,0.21,32.15,37.41,29.89,38.58,37.61,42.58,0.35,0.58,REF-11,REF-10-2015,,,
09-016,2021,NO,Protruding,NO,NO,NO,2002,19,1389.07,,Fraser,South,486925,2061,Yes,13.66,0.11,0,52,48,3,-0.579,0.3605,-1.654,1.231,N,81,38.18377,2.368421,1.34,1.47,1.34,0.23,0.25,0.18,0.25,100,0,0,0,0,0,0,0,REF-14,REF-13,,,
09-020,2021,NO,Inline,NO,NO,YES,2011,10,1015.06,,Fraser,South,487757,2918,Yes,6.36,1.16,0,0,100,0,1.297,0.4394,-0.316,2.882,N,126.5833,29.27443,4.789474,1.47,3.74,1.22,0.52,0.44,0.35,0.3,79.88,28.16,5.1,12.4,15.02,23.83,0,0,REF-14,REF-13,,,
11-001,2021,NO,Inline,NO,NO,NO,1984,37,1122.8,,Fraser,South,503392,21208,No,32.85,2.5,0,0,100,2,0.351,0.35,-0.461,1.749,Y,119.5,16.31229,9.1,2.9,4.85,2.28,0.85,0.51,0.43,0.26,62.8,33.82,16.15,24.83,19.12,25.79,1.93,6.41,REF-7,REF-11-2015,,,
11-009,2021,NO,Protruding,NO,NO,YES,1991,30,1673.91,,Fraser,South,505416,23825,No,36.41,1.43,0,15,85,2,0.788,0.3389,-0.117,1.529,N,65,12.62753,8.857143,2.35,6,1.14,0.57,0.42,0.3,0.24,60.35,24.7,15.24,14.57,24.05,20.85,0.36,0.72,REF-11-2015,REF-07,,,
11-014,2021,NO,Protruding,NO,NO,NO,2005,16,57.57,59.67,Fraser,South,504376,22539,No,29.54,0,0,0,100,2,1.006,0.099,0.681,1.2,N,35.5,2.12132,10.33333,0.58,5,1.15,1.38,0.5,0.64,0.2,64.31,12.47,22.34,19.45,11.47,8.72,1.88,1.79,REF-11-2015,REF-07,,,
12-003,2021,NO,Protruding,NO,NO,NO,1987,34,525.89,509,Fraser,South,505666,23208,No,26.5,2.5,0,17,83,1,0.816,0.3211,0.019,1.469,N,126.5714,44.35785,7,2.45,5.1,1.37,0.9,0.4,0.49,0.22,44.9,29.82,6.72,11.1,48.39,25.14,0,0,REF-11-2015,REF-07,,,
13-002,2021,NO,Protruding,NO,NO,YES,1991,30,21741.89,18569,Fraser,South,507106,26555,No,0.81,0,0,63,37,3,0.788,0.4243,-0.699,3.564,Y,NA,NA,8.285714,4.31,7,2.34,0.51,0.53,0.29,0.3,5.84,8.75,20.8,24.44,62.6,26.38,10.76,19.37,REF-11-2015,REF-5,,,
13-003,2021,NO,Protruding,NO,NO,YES,1991,30,507.54,,Fraser,South,511744,32370,No,32.53,5.25,0,9,91,1,1.262,0.3909,0.1,1.85,N,87.77778,29.78161,8.416667,2.07,5,1.14,0.55,0.33,0.26,0.17,80.91,17.91,8.95,10.04,10.15,10.2,0,0,REF-5,REF-4,,,
13-016,2021,NO,Protruding,NO,NO,NO,2005,16,123.86,71.16,Fraser,North,507921,29231,No,21.37,0,0,100,0,0,0.748,0.6887,-0.31,2.14,N,NA,NA,NA,NA,NA,NA,NA,NA,NA,NA,NA,NA,NA,NA,NA,NA,NA,NA,REF-5,REF-11-2015,,,
14-001,2021,NO,Protruding,NO,NO,YES,1988,33,3820.2,,Fraser,South,516705,37471,No,5.06,3.2,0,0,100,0,1.698,0.5068,0.75,3.73,Y,101,NA,5.6,2.99,3.8,2.04,0.33,0.5,0.18,0.28,42.18,40.27,2.77,5.82,54.91,42.75,0.14,0.36,REF-3,REF-4,,,
Alex_Fraser_North,2021,NO,Basin,NO,NO,NO,2010,11,4176.18,,Fraser,South,504114,21356,Yes,0,0,0,30,70,1,0.616,0.2403,0.161,2.198,Y,118.5385,17.04707,3.846154,1.82,3.15,1.34,0.21,0.39,0.12,0.23,87.72,20.52,2.67,3.94,8.38,21.07,1.22,4.42,REF-7,REF-11-2015,,,
Frenchies,2021,NO,Basin,YES,NO,NO,2010,11,19100.32,,Fraser,South,491678,7640,Yes,0,0,0,0,100,0,0.955,0.4394,-0.055,2.596,Y,NA,NA,3.15,1.31,3.35,1.11,0.23,0.36,0.45,0.43,7.63,10.36,0.04,0.12,92.33,10.36,0,0,REF-11,REF-13,,,
Glenrose_Downstream,2021,NO,Protruding,NO,NO,NO,2015,6,1598.59,1440,Fraser,South,504404,21552,No,9.35,1.07,0,0,100,1,0.962,0.1733,0.6,1.49,N,130.3077,14.53951,2.785714,0.8,1.43,0.52,0.38,0.25,0.24,0.19,96.23,11.54,0,0,3.77,11.54,0,0,REF-7,REF-11-2015,,,
Glenrose_Upstream,2021,NO,Protruding,NO,NO,NO,2015,6,1761.31,1765.97,Fraser,South,504673,21942,No,11.7,1,0,0,100,1,0.992,0.4484,0.239,3.177,N,65.64286,29.11676,7.47619,3.16,5.38,1.25,0.52,0.41,0.29,0.24,72.92,27.7,19.1,24.37,3.54,6.82,4.44,15.67,REF-7,REF-11-2015,,,
Gunderson_Slough,2021,NO,Protruding,NO,NO,NO,2014,7,8956.42,4750.97,Fraser,South,505429,22913,No,3.08,3.73,0,45,55,2,0.68,0.3693,-0.62,1.809,Y,82.55556,21.19028,6.2,3.36,4.27,2.07,0.62,0.4,0.36,0.22,77.86,33.1,4.18,6.84,16.49,32.42,1.47,5.1,REF-7,REF-11-2015,,,
REF-01,2021,YES,Inline,NO,NO,YES,NA,NA,9640.9,9610,Pitt,Main,520606,42406,No,1.41,0,0,0,0,,1.324,0.227,0.56,2.06,Y,94.33333,6.806859,4.25,0.96,1.75,1.29,0.62,0.28,0.37,0.19,95.96,7.83,0,0,4.04,7.83,0,0,,,,,
REF-03,2021,YES,Inline,NO,NO,NO,NA,NA,9956.1,9924,Fraser,Main,517656,38345,No,2.4,0.05,0,0,0,,1.572,0.18,0.74,2.18,Y,88.14286,19.64203,4.1,2.07,3.1,1.9,0.27,0.28,0.25,0.31,38.9,41.93,21.12,39.2,39.98,41.32,0,0,,,,,
REF-04,2021,YES,Inline,NO,NO,NO,NA,NA,10698.29,,Fraser,Main,515487,36055,No,2.54,10.55,0,0,0,1,1.403,0.256,0.45,2.19,Y,101.3333,27.50317,6.75,2.43,4.2,1.88,0.61,0.43,0.35,0.25,36.54,41.8,4.46,10.03,58.99,43.13,0.01,0.02,,,,,
REF-05,2021,YES,Inline,NO,NO,YES,NA,NA,10606.88,,Fraser,Main,508874,29812,No,4.07,1.5,0,0,0,,1.328,0.229,0.49,1.71,Y,59.5,3.535534,6.9,3.18,6.05,1.79,0.41,0.43,0.27,0.29,40.52,30.84,30.59,36.39,28.16,24.29,0.73,1.39,,,,,
REF-07,2021,YES,Inline,NO,NO,YES,NA,NA,11009.64,10974,Fraser,Main,502810,20308,Yes,2.86,2.5,0,0,0,1,1.095,0.258,0.06,1.71,Y,116.6667,10.91565,7.4,1.54,3.7,1.07,0.95,0.34,0.49,0.18,75.19,23.83,18.34,24.04,6.47,9.8,0,0,,,,,
REF-09,2021,YES,Inline,NO,NO,NO,NA,NA,7647.92,,Fraser,Main,498783,15597,Yes,2.76,1.28,0,0,0,2,1.137,0.389,-0.031,2.577,Y,111.1111,33.9096,8.833333,2.46,5.17,2.12,1,0.42,0.5,0.21,31.47,34.17,38.79,38.3,29.68,36.45,0.06,0.23,,,,,
REF-11,2021,YES,Inline,NO,NO,NO,NA,NA,10257.71,10225,Fraser,Main,494278,9752,Yes,2.18,2.1,0,0,0,1,0.785,0.543,-0.607,1.763,Y,120.8333,31.76571,6.85,2.7,3.85,2.12,0.63,0.44,0.35,0.25,69.2,37.72,6.07,11.26,23.24,33.97,1.49,6.38,,,,,
REF-13,2021,YES,Inline,NO,NO,NO,NA,NA,11244.51,11209,Fraser,Main,490918,5066,Yes,1.75,3.85,0,0,0,0,1.365,0.403,-0.231,2.126,Y,143.1667,20.28981,5.55,2.16,4,1.34,0.41,0.41,0.22,0.23,72.17,35.22,6.36,11.82,20.71,30.24,0.76,3.32,,,,,
REF-14,2021,YES,Inline,NO,NO,NO,NA,NA,10914.07,10879,Fraser,Main,488851,4122,Yes,2.1,1.76,0,0,0,1,0.864,0.356,-0.737,2.147,Y,100.3684,30.07991,2.75,1.12,1.7,0.81,0.18,0.2,0.1,0.13,99.78,0.55,0.1,0.26,0.11,0.51,0,0,,,,,
REF-17,2021,YES,Inline,NO,NO,NO,NA,NA,6625.9,6605,Fraser,North,486890,2492,Yes,3.21,6,0,0,0,1,1.309,0.595,-0.777,3.411,N,143.875,20.33602,3.666667,1.68,2.44,1.13,0.45,0.37,0.26,0.22,94.14,11.41,0.42,1.25,5.44,11.46,0,0,,,,,
REF-20,2021,YES,Inline,NO,NO,NO,NA,NA,10193.06,,Serpentine,Main,512578,3060,Yes,2.57,0,0,0,0,0,1.525,0.362,-1.02,2.42,Y,98.83333,19.95829,3.5,1.57,2,0.97,0.28,0.27,0.28,0.31,61.72,44.91,19.01,34.53,19.01,37.43,0.26,0.55,,,,,
REF-21,2021,YES,Inline,NO,NO,NO,NA,NA,9343.83,,Nicomekl,Main,510772,1904,Yes,4.8,1.3,0,0,0,0,1.364,0.331,-0.859,1.75,Y,NA,NA,3,0.79,1.85,0.93,0.17,0.23,0.09,0.14,93.04,21.95,6.96,21.95,0,0,0,0,,,,,
01-003-A,2021,NO,Embayment,NO,NO,NO,1991,30,112.87,627,Fraser,North,505566,24561,No,24.43,0,0,100,0,1,0.968,0.776,0.04,2.845,N,NA,NA,NA,NA,NA,NA,NA,NA,NA,NA,NA,NA,NA,NA,NA,NA,NA,NA,,,,REF-11-2015,REF-05
01-003-B,2015,NO,Embayment,NO,NO,YES,1991,30,248.09,627,Fraser,North,505409,24427,No,10.74,1.29,12,12,76,2,1.178,0.229,0.419,1.914,N,69.17,24.92,11.14,2.34,4.43,1.86,1.03,0.37,0.49,0.19,73.83,9.46,7.12,7.11,9.8,7.3,9.25,4.61,,,,REF-11-2015,REF-05-2015
01-008,2015,NO,Protruding,NO,NO,YES,2003,18,2269.75,2161,Fraser,North,502718,21422,Yes,6.22,1,0,0,100,0,1.12,0.16,0.86,1.921,N,96.96,44.55,10.3,3.47,3.15,2.51,1.21,0.45,0.56,0.2,86.83,18.13,5.37,7.52,6.63,15.99,1.16,2.95,,,,REF-11-2015,REF-07
02-001,2015,NO,Protruding,NO,NO,YES,1988,33,15684.87,635,Fraser,North,493169,10461,Yes,2.04,3.2,0,31,69,3,0.875,0.335,-0.03,3.09,Y,112.79,39.81,8.28,2.94,4.04,1.9,0.93,0.37,0.49,0.17,58.51,28.04,26.31,22.78,12.81,17.65,2.36,4.04,,,,REF-02-2015,REF-05-2015
02-002,2015,NO,Embayment,NO,NO,YES,1989,32,596.27,15400,Fraser,North,494949,12358,Yes,5.04,10.33,0,0,100,1,1.035,0.222,0.27,1.36,N,97.09,20.56,10.4,4.95,5.2,2.77,1.18,0.51,0.56,0.22,78.13,15.45,10.67,9.98,7.71,9.53,3.49,4,,,,REF-02-2015,REF-05-2015
02-003-A,2015,NO,Embayment,NO,NO,YES,1992,29,5273.9,7755,Fraser,North,495677,13054,Yes,7.23,0,0,0,100,1,1.165,0.221,0.15,2.11,N,113.22,39.62,9.33,2.44,4.93,1.9,0.98,0.3,0.5,0.15,69.35,16.48,16.18,15.11,9.93,9.25,4.54,5.3,,,,REF-02-2015,REF-05-2015
02-003-B,2015,NO,Protruding,YES,NO,YES,1992,29,4094,7755,Fraser,North,496874,14255,Yes,2.94,0.91,0,15,85,3,1.048,0.403,0.2,3.7,Y,144.7,30.79,6.27,1.68,3.91,1.21,0.78,0.41,0.44,0.21,57.91,32.4,6.49,9.01,34.32,31.7,1.28,2.33,,,,REF-02-2015,REF-07-2015
02-005-A,2015,NO,Protruding,NO,NO,YES,1992,29,304.58,1524,Fraser,North,498411,15831,Yes,15.94,0,0,18,82,0,0.799,0.243,0.38,1.48,N,81.63,36.67,10.2,2.1,5.1,1.83,0.98,0.46,0.48,0.22,49.46,34.5,46.11,35.68,3.83,4.27,0.6,0.64,,,,REF-02-2015,REF-07-2015
02-005-B,2015,NO,Protruding,NO,NO,YES,1992,29,337.28,1524,Fraser,North,498525,15965,Yes,12.84,0,0,0,100,0,0.475,0.234,-0.15,1.07,N,83.8,27.69,7.33,3.46,4.33,2.37,0.49,0.64,0.24,0.3,67.93,30.04,29.23,26.99,1.93,2.61,0.91,1.57,,,,REF-02-2015,REF-07-2015
02-005-C,2015,NO,Protruding,NO,NO,YES,1992,29,555.61,1524,Fraser,North,498604,16052,Yes,11.53,0,0,0,100,0,0.488,0.278,-0.06,1.39,N,200,NA,7.38,5.5,4,3.54,0.51,0.57,0.25,0.29,72.85,22.8,18.93,16.72,7.53,20.19,0.69,1.01,,,,REF-02-2015,REF-07-2015
02-005-D,2015,NO,Protruding,NO,NO,YES,1992,29,193.97,1524,Fraser,North,498686,16143,Yes,9.78,0,0,14,86,0,0.5,0.402,-0.21,1.52,N,63,0,8.33,4.18,5.17,2.79,0.77,0.67,0.56,0.34,32.96,34.28,46.79,39.66,17.36,40.5,2.89,5.03,,,,REF-02-2015,REF-07-2015
02-005-E,2015,NO,Protruding,NO,NO,YES,1992,29,333.98,1524,Fraser,North,498752,16219,Yes,14.55,0,0,0,100,0,0.631,0.345,-0.11,1.31,N,68.2,40.38,7.25,2.05,3,1.78,0.54,0.45,0.26,0.25,67.46,15.33,31.82,14.73,0.4,0.78,0.32,1.1,,,,REF-02-2015,REF-07-2015
02-007-A,2015,NO,Embayment,NO,NO,NO,1993,28,1356.42,3984,Fraser,North,495051,12403,Yes,5.8,0,0,25,75,2,0.75,0.292,0,1.41,N,110.17,41.84,9.6,2.22,3.9,1.16,1.21,0.42,0.57,0.2,58.9,19.06,28.21,13.08,4.6,6.58,8.29,10.89,,,,REF-02-2015,REF-07-2015
02-007-B,2015,NO,Embayment,NO,NO,NO,1993,28,574.22,3984,Fraser,North,495294,12671,Yes,12.76,1,0,18,82,2,0.7,0.211,0.27,1.19,N,108,45.41,6.8,3.58,3.3,2.47,0.68,0.5,0.34,0.24,70.37,27.03,11,15.62,9.52,14.52,9.11,15.1,,,,REF-02-2015,REF-07-2015
02-007-C,2015,NO,Embayment,NO,NO,NO,1993,28,1773.24,3984,Fraser,North,495406,12799,Yes,4.75,0,0,33,67,3,0.753,0.326,0.02,1.77,N,89.38,36.28,9.9,2.81,3.9,2.12,0.83,0.35,0.38,0.17,64.62,20.82,29.33,22.46,4.37,4.57,1.68,2.79,,,,REF-02-2015,REF-07-2015
02-009,2015,NO,Inline,NO,NO,NO,2001,20,1040.39,1382,Fraser,North,490930,8027,Yes,3.46,6.43,0,56,44,2,0.734,0.439,0.11,1.81,N,106.4,14.33,8.14,4.41,4.14,2.7,0.6,0.4,0.44,0.28,71.41,35.4,6.25,11.13,14.81,26.26,7.53,11.86,,,,REF-03-2015,REF-05-2015
02-014,2015,NO,Inline,NO,NO,NO,2008,13,1619.58,950,Fraser,North,490992,8102,Yes,6.55,12.65,0,0,100,0,1.033,0.305,0.39,1.69,N,107,34.82,5.95,2.7,3.9,1.95,0.57,0.5,0.41,0.32,22.54,28.4,0.53,1.26,75.81,29.3,1.12,1.61,,,,REF-03-2015,REF-05-2015
03-002,2015,NO,Embayment,NO,NO,NO,1988,33,4601.09,na,Fraser,North,489236,6086,Yes,1.73,0,0,34,66,3,0.416,0.416,-0.51,1.89,N,NA,NA,5.67,2.52,2.33,1.15,0.27,0.25,0.15,0.19,95.33,4.96,3.35,2.68,0,0,1.32,2.29,,,,REF-03-2015,REF-05-2015
03-003,2015,NO,Protruding,NO,NO,YES,1990,31,1108.6,678,Fraser,North,489682,6546,Yes,19.15,0,0,0,100,1,0.633,0.419,-0.56,1.54,N,103.29,9.76,7.31,3.18,3.31,1.97,0.35,0.3,0.21,0.25,86.42,23.67,5.29,4.65,7.7,24.66,0.59,1.34,,,,REF-03-2015,REF-05-2015
03-004,2015,NO,Basin,NO,YES,NO,1994,27,6306.73,5365,Fraser,North,488242,4895,Yes,0,0,0,0,100,0,1.155,0.362,0.65,3.01,Y,234,78.63,2.05,1.5,2.4,0.83,0.05,0.11,0.67,0.46,21.12,34.91,1.14,3.5,77.21,36.26,0.53,1.55,,,,REF-03-2015,REF-05-2015
03-006,2015,NO,Protruding,NO,NO,YES,1997,24,281.81,880,Fraser,North,489750,6859,Yes,23.36,1.67,0,0,100,0,1.087,0.193,0.52,1.84,N,102.25,15.87,4.25,1.22,1.17,0.79,0.66,0.24,0.41,0.17,97.24,3.59,0.65,1.34,1.58,2.93,0.53,1.85,,,,REF-03-2015,REF-05-2015
04-001,2015,NO,Protruding,NO,NO,NO,1990,31,3060.15,3461,Fraser,North,486387,2676,Yes,5.04,0,0,0,100,0,0.982,0.23,0.24,2.29,N,89.83,16.41,1.9,0.91,0.35,0.91,0.23,0.27,0.14,0.18,100,0,0,0,0,0,0,0,,,,REF-17,REF-03-2015
04-005,2015,NO,Protruding,NO,NO,NO,2006,15,473.11,3600,Fraser,North,487203,3673,Yes,10.97,0,0,0,100,0,1.027,0.118,0.65,1.31,N,90.5,23.33,3,1.15,1.9,0.7,0.07,0.15,0.03,0.08,95.66,4.09,0.31,0.44,4.03,4.13,0,0,,,,REF-03-2015,REF-05-2015
05-001,2015,NO,Protruding,NO,NO,NO,1991,30,109.62,70,Fraser,North,489883,6340,Yes,16,0.7,0,0,100,2,1.107,0.234,0.243,1.571,N,92.4,16.85,8,2.49,3.5,1.4,0.73,0.32,0.37,0.19,93.54,6.94,2.93,2.83,1.42,1.29,2.11,4.98,,,,REF-05-2015,REF-03-2015
09-001-A,2015,NO,Protruding,NO,NO,NO,1990,31,1282.79,3100,Fraser,South,495714,11661,Yes,22.91,3.25,0,0,100,0,1.041,0.197,0.367,2.051,N,100.5,46.07,7.1,2.53,3,1.68,1.07,0.29,0.55,0.13,53.99,30.03,6.21,15.52,38.81,30.82,1,1.81,,,,REF-11,REF-10-2015
09-001-B,2015,NO,Protruding,NO,NO,NO,1997,24,1982.16,2500,Fraser,South,495315,10999,Yes,10.52,1.6,0,0,100,0,1.286,0.235,0.292,1.879,N,115.42,52.55,7.25,2.43,3.9,1.98,0.92,0.43,0.51,0.2,34.7,24.38,12.3,14.65,50.09,30.83,2.9,5.41,,,,REF-11,REF-10-2015
09-002-A,2015,NO,Embayment,NO,NO,NO,1988,33,662.37,1680,Fraser,South,485416,541,Yes,0.46,0,0,0,100,0,1.093,0.238,-0.2,1.552,N,102.85,13.99,6.15,1.95,1.46,1.14,0.9,0.28,0.47,0.16,94.51,5.45,1.62,3.61,3.87,3.89,0,0,,,,REF-14,REF-13
09-002-B,2015,NO,Embayment,NO,NO,NO,1988,33,238.93,1680,Fraser,South,485376,521,Yes,2.5,0,0,0,100,0,0.806,0.415,-0.64,1.29,N,97.73,10.18,2.5,1.58,0.7,1.34,0.3,0.32,0.16,0.19,98.24,3.73,0.94,2.98,0,0,0.82,2.6,,,,REF-14,REF-13
09-004,2015,NO,Protruding,NO,NO,YES,1990,31,736.14,410,Fraser,South,493207,9784,Yes,18.56,0,0,0,100,0,0.314,0.502,-0.837,1.296,N,134.44,40.71,6.6,2.67,3.9,1.9,0.71,0.57,0.45,0.31,60.93,31.12,11.19,10.78,26.04,35.38,1.84,2.57,,,,REF-09-2015,REF-13
09-008-A,2015,NO,Protruding,NO,NO,YES,1991,30,273.88,810,Fraser,South,493955,10716,Yes,23.23,0,0,0,100,0,0.12,0.793,-1.01,2.131,N,136.67,32.52,6.2,1.64,3.2,1.92,0.62,0.57,0.33,0.3,40.25,24.02,41.99,23.91,15.97,32.09,1.79,1.43,,,,REF-09-2015,REF-13
09-008-B,2015,NO,Protruding,NO,NO,YES,1991,30,176.23,810,Fraser,South,493958,10654,Yes,28.41,0,0,0,100,0,0.237,0.635,-1.01,1.366,N,126.5,22.39,8.8,3.08,4.9,2.3,0.87,0.51,0.43,0.26,43.1,26.75,25.37,24.17,26.32,33.78,5.21,3.66,,,,REF-09-2015,REF-13
09-009,2015,NO,Protruding,NO,NO,NO,1993,28,738.09,550,Fraser,South,489246,4616,Yes,15.37,7.67,0,0,100,0,0.961,0.181,0.459,1.475,N,86.42,27.74,2.13,0.83,1.4,0.7,0.36,0.29,0.23,0.2,99.84,0.61,0,0,0.16,0.61,0,0,,,,REF-14,REF-13
09-013,2015,NO,Protruding,NO,NO,NO,1997,24,2689.58,2780,Fraser,South,495074,10592,Yes,6.02,0,0,0,100,0,0.575,0.317,-1.096,1.401,Y,148.63,33.32,6.75,1.61,2.63,1.5,0.86,0.4,0.44,0.21,61.81,18.78,24.9,14.08,10.57,22.32,2.71,2.72,,,,REF-11,REF-10-2015
09-015,2015,NO,Protruding,NO,NO,NO,2000,21,1613.49,900,Fraser,South,495943,11860,Yes,18.57,0.53,0,0,100,0,0.303,0.549,-1.041,1.357,N,135.58,35.56,4.4,1.24,1.4,1.35,0.56,0.31,0.29,0.17,93.89,11.75,1.38,3.9,4.65,11.01,0.08,0.32,,,,REF-11,REF-10-2015
10-002-A,2015,NO,Basin,NO,NO,NO,1978,43,15356.02,10000,Fraser,South,497956,15062,Yes,1.19,1.25,0,4,96,0,1.218,0.284,0.38,2.876,Y,193.2,59.34,4.05,2.84,2.55,2.19,0.51,0.51,0.47,0.36,47.82,41.65,5,19.11,45.73,43.78,1.45,3.89,,,,REF-09,REF-10-2015
10-002-B,2015,NO,Basin,NO,NO,NO,1978,43,3742.3,10000,Fraser,South,498469,15504,Yes,2.96,0,55,0,45,0,1.225,0.222,0.48,2.23,Y,114.6,30.64,10.89,2.62,4.67,2.28,0.85,0.39,0.4,0.19,70.31,15.42,15.43,12.26,12.5,17.26,1.75,2.41,,,,REF-09,REF-10-2015
10-003,2015,NO,Embayment,NO,NO,NO,1989,32,497.37,180,Fraser,South,500389,17370,Yes,10.73,25.63,55,23,23,0,1.33,0.28,0.4,1.93,N,74.5,31.31,5.25,3.58,3.75,2.14,0.69,0.52,0.5,0.29,65.83,24.51,10.23,11.56,20.92,25.96,3.02,5.65,,,,REF-09,REF-12-2015
10-004,2015,NO,Protruding,NO,NO,YES,1995,26,1371.69,1525,Fraser,South,497496,14129,Yes,6.14,0,0,0,100,0,0.886,0.477,-0.792,1.778,N,184.83,41.06,4.2,1.47,2.3,1.27,0.36,0.38,0.2,0.21,64.43,30.78,13.4,15.25,21.15,35.7,1.02,2.8,,,,REF-09,REF-10-2015
11-002,2015,NO,Protruding,YES,NO,NO,1989,32,1555.92,1866,Fraser,South,504413,22674,No,8.04,4.41,0,0,100,2,0.973,0.215,0.219,1.559,N,82.29,37.69,11,3,4.41,2.26,0.98,0.33,0.48,0.17,71.91,16.59,17.13,11.32,8.39,16.97,2.57,2.84,,,,REF-11-2015,REF-07
11-010,2015,NO,Protruding,NO,NO,NO,1995,26,154.15,80,Fraser,North,503903,22786,No,13.77,0,0,36,64,3,0.716,0.365,0.069,1.479,N,39.71,16.57,13.14,3.39,5.57,1.4,1.53,0.21,0.72,0.08,78.93,12.69,12.97,16.04,4.63,3.84,3.47,5.99,,,,REF-11-2015,REF-07
11-012-A,2015,NO,Embayment,NO,NO,NO,2000,21,3952.08,5411,Fraser,South,501084,18307,Yes,1.9,1.32,0,0,100,0,1.411,0.335,-0.03,2.22,Y,138.74,26.11,9.28,2.97,4.6,2.27,0.95,0.46,0.49,0.23,48.27,24.68,16.64,12.42,33.83,29.15,1.25,3.06,,,,REF-12-2015,REF-07
11-012-B,2015,NO,Embayment,NO,NO,NO,2000,21,701.42,5411,Fraser,South,501152,18359,Yes,9.1,0,13,0,87,0,1.056,0.131,0.59,1.48,N,81.08,25.08,9.86,2.91,4.14,2.06,1.07,0.4,0.52,0.18,65.53,24.16,12.19,12.72,19.86,28.4,2.42,3.74,,,,REF-12-2015,REF-07
11-013,2015,NO,Protruding,NO,NO,YES,2004,17,1254.71,1050,Fraser,South,502888,20930,No,10.39,0,0,21,79,1,0.928,0.446,0.111,2.77,N,80.07,35.32,6.33,2.57,3.44,1.7,0.72,0.46,0.38,0.25,90.57,11.24,3.13,6.39,3.9,4.4,2.4,5.02,,,,REF=07,REF-12-2015
12-001,2015,NO,Protruding,YES,NO,YES,1982,39,671.31,625,Fraser,Main,506118,24214,No,8.68,0.67,0,0,100,0,1.365,0.269,0.871,2.449,N,118.2,18.28,7.6,3.94,5.27,2.18,0.4,0.37,0.34,0.32,25.52,21.46,28.35,27.11,43.79,33.21,2.33,2.09,,,,REF-11-2015,REF-07
12-004,2015,NO,Basin,YES,NO,YES,1992,29,7474.41,8560,Fraser,South,504281,21308,No,0,0,0,24,76,0,0.796,0.441,-0.26,2.757,Y,NA,NA,8.61,2.69,3.89,2.07,0.86,0.49,0.43,0.25,58.01,29.26,25.33,20.85,15.58,24.08,1.08,2.18,,,,REF-12-2015,REF-07
12-007,2015,NO,Protruding,NO,NO,NO,2006,15,985.52,625,Fraser,South,503856,21028,Yes,8.67,0,0,25,75,1,0.963,0.208,0.47,1.803,N,63.2,12.89,6.2,3.12,4.2,1.83,0.46,0.43,0.24,0.23,75.73,18.26,21.68,16.44,2.6,6.71,0,0,,,,REF-12-2015,REF-07
13-001,2015,NO,Protruding,NO,NO,NO,1987,34,257.97,192,Fraser,North,505700,24689,No,19.31,2.14,14,0,86,0,2.16,0.797,1.251,3.6,N,96,29.2,10.57,2.88,4.14,1.68,1.16,0.38,0.55,0.19,81.84,8.81,2.28,2.59,14.58,11.05,1.3,1.84,,,,REF-11-2015,REF-07
13-005,2015,NO,Embayment,NO,NO,YES,1997,24,1594.21,1530,Fraser,South,505438,24110,No,4.43,0,0,0,100,2,1.107,0.247,0.461,2.478,Y,109.67,39.19,10.57,2.21,4.36,1.98,1.08,0.45,0.5,0.21,71.85,16.05,9.24,8.45,11.53,9.84,7.37,10.13,,,,REF-11-2015,REF-07
13-010,2015,NO,Inline,NO,NO,YES,1998,23,196.6,175,Fraser,Main,507553,28167,No,10.84,2.8,0,0,100,1,1.298,0.373,0.61,2.71,N,30.83,10.32,11.67,2.99,8.2,1.56,1.29,0.27,0.67,0.09,40.39,18.45,51.38,17.82,5.22,8.89,3,9.92,,,,REF-05,REF-11-2015
13-012-A,2015,NO,Protruding,NO,NO,NO,2000,21,1595.47,1781,Fraser,Main,507716,28578,No,15.78,3.4,0,0,100,1,1.352,0.366,0.83,3.96,N,33,11.78,15.4,3.66,9.5,2.06,1.19,0.48,0.54,0.21,47.69,14.25,37.57,16.44,9.82,10.38,4.92,7.86,,,,REF-05,REF-11-2015
13-012-B,2015,NO,Basin,NO,YES,NO,2000,21,1793.27,1781,Fraser,Main,507769,28743,No,2.27,0,0,0,100,0,1.261,0.278,0.71,3.07,Y,149.5,50.2,7.79,3.1,5.89,1.44,0.5,0.41,0.28,0.24,34.8,33.58,34.05,34.57,28.2,28.44,2.96,5.76,,,,REF-05,REF-11-2015
14-004,2015,NO,Protruding,YES,NO,YES,1986,35,1097.26,1000,Fraser,Main,523792,46915,No,8.27,2.5,0,11,89,0,1.982,0.451,0.79,2.96,N,132.5,16.72,2.6,1.26,3,1.49,0.17,0.3,0.4,0.45,14.34,22.72,0,0,85.66,22.72,0,0,,,,REF-03,REF-04
15-001-B,2015,NO,Inline,NO,NO,YES,1992,29,2214.28,80,Pitt,Main,519889,41402,No,3.13,9.24,0,13,87,1,1.483,0.289,0.63,2.12,N,95,48.76,5.95,2.95,3.16,2.19,0.71,0.52,0.38,0.27,67.08,37.98,5.22,10.11,26.95,39.4,0.75,1.66,,,,REF-01,REF-03
15-003-A,2015,NO,Inline,NO,NO,NO,2010,11,620.23,7085,Pitt,Main,519562,41226,No,6.14,31.92,0,31,69,0,1.693,0.519,0.58,2.75,N,29.5,6.36,5.62,2.47,4.77,1.03,0.36,0.44,0.3,0.34,7.54,8.94,44.87,37.55,47.59,40.2,0,0,,,,REF-01,REF-03
15-003-B,2015,NO,Inline,NO,NO,NO,2010,11,3841.15,7085,Pitt,Main,519825,41278,No,3.56,2.83,0,5,95,0,1.393,0.228,0.46,2.79,N,67.6,30.31,10.09,3.79,6,2.85,1.03,0.6,0.55,0.26,48.56,30.7,26.83,23.57,24.21,19.54,0.4,0.98,,,,REF-01,REF-03
REF-02-2015,2015,YES,Inline,NO,NO,YES,,,,,Fraser,North,494579,11900,Yes,6.67,0,0,0,0,,0.633,0.58,-0.47,1.48,,113,4.24,7.85,2.03,3.4,1.69,0.51,0.31,0.23,0.16,84.65,9.14,10.01,7.94,1.85,5.16,3.49,6.86,,,,,
REF-03-2015,2015,YES,Inline,NO,NO,NO,,,,,Fraser,North,488557,5328,Yes,4.95,2.6,0,0,0,,1.572,0.18,0.74,2.18,,106.44,19.1,4.72,2.59,2.28,1.41,0.46,0.42,0.24,0.23,90.01,16.31,3.05,7.36,6.77,10.71,0.18,0.41,,,,,
REF-05-2015,2015,YES,Inline,NO,NO,YES,,,,,Fraser,North,489574,5638,Yes,5.6,1,0,0,0,,0.789,0.355,-0.22,2.961,,157.33,7.09,3.5,1.17,1.77,1,0.46,0.33,0.3,0.25,89.48,23.01,1.72,5.89,7.29,23.1,1.51,2.87,,,,,
REF-09-2015,2015,YES,Inline,NO,NO,NO,,,,,Fraser,South,493058,9868,Yes,1.88,1.17,0,0,0,,1.137,0.389,-0.031,2.577,,153.7,48.37,5.03,2.77,2.2,1.87,0.6,0.44,0.31,0.23,78.56,27.74,6.74,12.46,13.79,25.56,0.91,1.8,,,,,
REF-10-2015,2015,YES,Inline,NO,NO,NO,,,,,Fraser,South,496787,12894,Yes,5.14,0.9,0,0,0,,1.04,0.476,-0.384,2.056,,139.46,29.53,7.52,2.46,3.07,1.86,0.77,0.43,0.39,0.22,79.48,16.21,9.75,8.89,9,10.84,1.78,7.27,,,,,
REF-11-2015,2015,YES,Inline,NO,NO,NO,,,,,Fraser,South,504818,23035,Yes,4.74,6.37,0,0,0,,1.041,0.279,0.31,1.709,,97.39,30.11,8.67,3.39,3.93,3.08,0.86,0.46,0.42,0.24,61.86,31.21,12.2,11.76,22.61,32.73,3.33,8.06,,,,,
REF-12-2015,2015,YES,Inline,NO,NO,YES,,,,,Fraser,South,501839,18973,Yes,3.34,0,0,0,0,,1.126,0.188,-0.189,1.93,,111.56,32.46,8.4,3.16,3.8,2.32,0.9,0.53,0.48,0.25,55.72,22.43,19.8,14.89,16.46,24.91,8.02,12.9,,,,,